-- phpMyAdmin SQL Dump
-- version 5.2.1
-- https://www.phpmyadmin.net/
--
-- Host: 127.0.0.1
-- Generation Time: Apr 04, 2025 at 07:48 AM
-- Server version: 10.4.32-MariaDB
-- PHP Version: 8.2.12

SET SQL_MODE = "NO_AUTO_VALUE_ON_ZERO";
START TRANSACTION;
SET time_zone = "+00:00";


/*!40101 SET @OLD_CHARACTER_SET_CLIENT=@@CHARACTER_SET_CLIENT */;
/*!40101 SET @OLD_CHARACTER_SET_RESULTS=@@CHARACTER_SET_RESULTS */;
/*!40101 SET @OLD_COLLATION_CONNECTION=@@COLLATION_CONNECTION */;
/*!40101 SET NAMES utf8mb4 */;

--
-- Database: `vps_sajt`
--

-- --------------------------------------------------------

--
-- Table structure for table `alumni`
--

CREATE TABLE `alumni` (
  `id` int(10) NOT NULL,
  `firstName` varchar(50) NOT NULL,
  `lastName` varchar(50) NOT NULL,
  `nivoID` int(10) NOT NULL,
  `diplomirao` int(10) NOT NULL,
  `tema` text NOT NULL,
  `poslodavac` varchar(255) NOT NULL,
  `radnoMesto` varchar(255) NOT NULL,
  `social` varchar(70) DEFAULT NULL,
  `imageID` int(10) DEFAULT NULL,
  `lang` varchar(5) NOT NULL DEFAULT 'srb',
  `active` tinyint(1) NOT NULL DEFAULT 0,
  `email` varchar(70) NOT NULL,
  `jmbg` varchar(13) NOT NULL
) ENGINE=InnoDB DEFAULT CHARSET=utf8mb4 COLLATE=utf8mb4_general_ci;

-- --------------------------------------------------------

--
-- Table structure for table `cenovnik`
--

CREATE TABLE `cenovnik` (
  `id` int(10) NOT NULL,
  `service` varchar(255) NOT NULL,
  `price` varchar(50) NOT NULL,
  `lang` varchar(5) NOT NULL DEFAULT 'srb'
) ENGINE=InnoDB DEFAULT CHARSET=utf8mb4 COLLATE=utf8mb4_general_ci;

--
-- Dumping data for table `cenovnik`
--

INSERT INTO `cenovnik` (`id`, `service`, `price`, `lang`) VALUES
(19, 'Школарина -плаћање на 12 месечних рата, I- рата приликом уписа - 112 бодова, II-XII - по динамици из Уговора - износ рате 78 бодова', '119.310,00 динара', 'srb'),
(20, 'Школарина - уплата аконтације до 31.05.2023. у износу 40 бодова', '114.390,00 динара', 'srb'),
(21, 'Школарина - уплата у целости до 31.07.2023.- попуст 80 бодова', '109.470,00 динара', 'srb'),
(22, 'Школарина - други и ост.чланови домаћинства-попуст 240 бодова, I-рата приликом уписа - 70 бодова, II - XII - по динамици из Уговора - износ рате 60 бодова', '89.790,00 динара', 'srb'),
(28, 'Признавање исита', '4.920,00 динара', 'srb'),
(29, 'Пријемни испит', '1.840,00 динара', 'srb'),
(30, 'Диференцијални испит', '3.075,00 динара', 'srb'),
(31, 'Уверење о положеним испитима', '7.995,00 динара', 'srb'),
(34, 'Нострификација дипломе', '49.200,00 динара', 'srb'),
(35, 'Уверење о наставном плану и програму', '7.380,00 динара', 'srb'),
(36, 'Еквиваленција страних висок. исправа', '9.840,00 динара', 'srb'),
(37, 'Потврда за усклађење стеченог стручног наз.', '9.840,00 динара', 'srb'),
(38, 'Усклађење стеченог стр. назива и замена дипломе', '9.840,00 динара', 'srb'),
(39, 'Издавање дипломе на енглеском језику', '11.070,00 динара', 'srb'),
(40, 'Издавање дупликат дипломе', '11.070,00 динара', 'srb'),
(41, 'Завршни испит и издавање дипломе', '22.755,00 динара', 'srb'),
(42, 'Обнова године', '39.975,00 динара', 'srb'),
(43, 'Школарина -плаћање на 12 месечних рата, I- рата приликом уписа - 115 бодова, II-XII - по динамици из Уговора - износ рате 85 бодова', '129.150,00 динара', 'srb'),
(44, 'Школарина - уплата аконтације до 30.09.2023. у износу 40 бодова', '124.230,00 динара', 'srb'),
(45, 'Школарина - уплата у целости до 15.10.2023.- попуст 80 бодова', '119.310,00 динара', 'srb'),
(46, 'Школарина - други и ост.чланови домаћинства-попуст 200 бодова, I-рата приликом уписа - 80 бодова, II - XII - по динамици из Уговора - износ рате 70 бодова', '104.550,00 динара', 'srb'),
(47, 'Признавање исита', '4.305,00 динара', 'srb'),
(48, 'Диференцијални испит', '3.690,00 динара', 'srb'),
(49, 'Уверење о положеним испитима', '7.995,00 динара', 'srb'),
(50, 'Завршни испит и издавање дипломе', '27.675,00 динара', 'srb'),
(51, 'Обнова године', '39.975,00 динара', 'srb'),
(52, 'Уверење о наставном плану и програму', '8.610,00 динара', 'srb'),
(53, 'Нострификација дипломе', '60.270,00 динара', 'srb'),
(54, 'Издавање дупликат дипломе', '12.300,00 динара', 'srb');

-- --------------------------------------------------------

--
-- Table structure for table `dokumenta`
--

CREATE TABLE `dokumenta` (
  `id` int(11) NOT NULL,
  `title` text NOT NULL,
  `attachment` varchar(50) NOT NULL,
  `userID` int(10) NOT NULL,
  `parentID` int(10) DEFAULT 0,
  `category` varchar(30) NOT NULL,
  `subcategory` int(10) DEFAULT NULL,
  `lang` varchar(5) NOT NULL DEFAULT 'srb',
  `createdAt` timestamp NOT NULL DEFAULT current_timestamp(),
  `naslov` varchar(255) DEFAULT NULL
) ENGINE=InnoDB DEFAULT CHARSET=utf8mb4 COLLATE=utf8mb4_general_ci;

--
-- Dumping data for table `dokumenta`
--

INSERT INTO `dokumenta` (`id`, `title`, `attachment`, `userID`, `parentID`, `category`, `subcategory`, `lang`, `createdAt`, `naslov`) VALUES
(17, 'Правилник о избору наставног особља', '60', 2, 0, '2', NULL, 'srb', '2024-04-27 21:47:42', NULL),
(23, 'Правилник о стручној пракси на Мастер струковним студијама', '61', 2, 0, '2', NULL, 'srb', '2024-04-27 21:56:11', NULL),
(24, 'Упутство за реализацију стручне праксе', '62', 2, 0, '2', NULL, 'srb', '2024-04-27 21:56:51', NULL),
(25, 'Одлука о избору чланова Савета', '63', 2, 0, '1', NULL, 'srb', '2024-05-08 13:13:46', NULL),
(26, 'Чланови Савета - измена', '64', 2, 0, '1', NULL, 'srb', '2024-05-08 13:14:33', NULL),
(27, 'Правилник о критеријумима и начинима за пружање подршке студентима из осетљивих друштвених група', '65', 2, 0, '2', NULL, 'srb', '2024-05-08 13:16:49', NULL),
(28, 'Правилник о ужим научним областима', '66', 2, 0, '2', NULL, 'srb', '2024-05-09 09:32:52', NULL),
(30, 'Уверење о акредитацији Мастер струковних студија', '67', 2, 0, '8', NULL, 'srb', '2024-05-09 09:35:46', NULL),
(31, 'Извештај о самовредновању 2020-2023', '68', 2, 0, '3', NULL, 'srb', '2024-05-14 10:36:55', NULL),
(32, 'Акциони план за спровођење стратегије обезбеђења квалитета', '69', 2, 0, '3', NULL, 'srb', '2024-05-14 10:40:13', NULL),
(34, 'Информатор школе', '70', 2, 0, '7', NULL, 'srb', '2024-05-14 10:47:38', NULL),
(36, 'Мере и субјекти за обезбеђење квалитета', '71', 2, 0, '3', NULL, 'srb', '2024-05-14 11:19:07', NULL),
(37, 'Стратегија обезбеђења квалитета', '72', 2, 0, '3', NULL, 'srb', '2024-05-14 11:22:49', NULL),
(39, 'Уверење о акредитацији установе', '73', 2, 0, '8', NULL, 'srb', '2024-05-14 11:27:26', NULL),
(40, 'Уверење о акредитацији Основних струковних студија', '74', 2, 0, '8', NULL, 'srb', '2024-05-14 11:28:11', NULL),
(41, 'Дозвола за рад', '75', 2, 0, '8', NULL, 'srb', '2024-05-14 11:31:43', NULL),
(42, 'Правилник о студирању', '76', 2, 0, '2', NULL, 'srb', '2024-05-14 11:33:00', NULL),
(44, 'Ценовник за школску 2024/25', '77', 2, 0, '6', NULL, 'srb', '2024-06-06 12:05:52', NULL),
(45, 'Правилник о зарадама', '78', 2, 0, '2', NULL, 'srb', '2024-06-10 09:19:11', NULL),
(46, 'Правилник о изменама правилника о зарадама', '79', 2, 0, '2', NULL, 'srb', '2024-06-10 09:19:53', NULL),
(48, 'Правилник о поступку унутрашњег узбуњивања', '80', 2, 0, '2', NULL, 'srb', '2024-06-10 09:21:45', NULL),
(49, 'Одлука о утврђивању висине школарине', '81', 2, 0, '6', NULL, 'srb', '2024-06-11 12:36:34', NULL),
(50, 'Мерила за утврђивање висине школарине', '82', 2, 0, '6', NULL, 'srb', '2024-06-11 12:36:59', NULL),
(51, 'Правилник о систематизацији послова', '83', 2, 0, '2', NULL, 'srb', '2024-06-11 12:38:20', NULL),
(52, 'Правилник о критеријумима и начинима пружања подршке студентима из осетљивих друштвених група', '84', 2, 0, '2', NULL, 'srb', '2024-06-11 12:39:17', NULL),
(57, 'Публикација установе', '85', 2, 0, '1', NULL, 'srb', '2024-11-01 09:31:54', NULL),
(58, 'Статут Школе 2024', '86', 2, 0, '1', NULL, 'srb', '2024-11-13 11:28:34', NULL),
(72, 'Одлука о избору нових чланова савета 30.10.2024.', '87', 2, 0, '1', NULL, 'srb', '2025-02-03 12:50:22', NULL),
(101, 'Сврха СП ОСС Пословна економија', '88', 2, 0, '9', NULL, 'srb', '2025-02-27 17:52:43', 'Акредитација СП ОСС Пословна економија'),
(102, 'Циљеви СП ОСС Пословна економија', '89', 2, 0, '9', NULL, 'srb', '2025-02-27 17:52:43', 'Акредитација СП ОСС Пословна економија'),
(103, 'Параметри СП ОСС Пословна економија', '90', 2, 0, '9', NULL, 'srb', '2025-02-27 17:52:43', 'Акредитација СП ОСС Пословна економија'),
(104, 'Распоред предмета ОСС без извођача Пословна економија', '106', 2, 0, '9', NULL, 'srb', '2025-02-27 17:52:43', 'Акредитација СП ОСС Пословна економија'),
(105, 'Распоред предмета ОСС са извођачима Пословна економија', '107', 2, 0, '9', NULL, 'srb', '2025-03-02 23:29:44', 'Акредитација СП ССС Пословно управљање'),
(106, 'Књига предмета ОСС Пословна економија', '93', 2, 0, '9', NULL, 'srb', '2025-02-27 17:52:43', 'Акредитација СП ОСС Пословна економија'),
(107, 'Књига наставника ОСС Пословна економија', '93', 2, 0, '9', NULL, 'srb', '2025-02-27 17:52:43', 'Акредитација СП ОСС Пословна економија'),
(108, 'Сврха СП ССС Пословно управљање', '94', 2, 0, '9', NULL, 'srb', '2025-03-02 23:29:44', 'Акредитација СП ССС Пословно управљање'),
(109, 'Циљеви СП ССС Пословно управљање', '95', 2, 0, '9', NULL, 'srb', '2025-03-02 23:29:44', 'Акредитација СП ССС Пословно управљање'),
(110, 'Параметри СП ССС Пословно управљање', '96', 2, 0, '9', NULL, 'srb', '2025-03-02 23:29:44', 'Акредитација СП ССС Пословно управљање'),
(111, 'Распоред предмета ССС без извођача Пословно управљање', '97', 2, 0, '9', NULL, 'srb', '2025-03-02 23:29:44', 'Акредитација СП ССС Пословно управљање'),
(112, 'Распоред предмета ССС са извођачима Пословно управљање', '98', 2, 0, '9', NULL, 'srb', '2025-02-27 17:52:43', 'Акредитација СП ОСС Пословна економија'),
(113, 'Књига предмета ССС Пословно управљање', '99', 2, 0, '9', NULL, 'srb', '2025-03-02 23:29:44', 'Акредитација СП ССС Пословно управљање'),
(114, 'Књига наставника ССС Пословно управљање', '100', 2, 0, '9', NULL, 'srb', '2025-03-02 23:29:44', 'Акредитација СП ССС Пословно управљање'),
(115, 'Циљеви ВУ', '101', 2, 0, '9', NULL, 'srb', '2025-03-02 23:37:12', 'Акредитација Високошколске установе'),
(116, 'Планирање и контрола ВУ', '102', 2, 0, '9', NULL, 'srb', '2025-03-02 23:37:12', 'Акредитација Високошколске установе'),
(117, 'Наставно особље у ВУ', '103', 2, 0, '9', NULL, 'srb', '2025-03-02 23:37:12', 'Акредитација Високошколске установе'),
(118, 'Ненаставно особље у ВУ', '104', 2, 0, '9', NULL, 'srb', '2025-03-02 23:37:12', 'Акредитација Високошколске установе'),
(119, 'Извештај о самовредновању', '105', 2, 0, '9', NULL, 'srb', '2025-03-02 23:37:12', 'Акредитација Високошколске установе'),
(74105, 'Уверење ОСС 2025', '75', 1, 0, '8', 12, 'srb', '2025-03-19 14:28:38', NULL),
(74106, 'Уверење ССС 2025', '69', 1, 0, '8', 13, 'srb', '2025-03-19 15:55:55', NULL),
(74107, 'Дозвола ОСС 2025', '78', 1, 0, '8', 12, 'srb', '2025-03-19 15:56:22', NULL);

-- --------------------------------------------------------

--
-- Table structure for table `godina_studija`
--

CREATE TABLE `godina_studija` (
  `id` int(11) NOT NULL,
  `godina` varchar(255) NOT NULL,
  `lang` varchar(5) NOT NULL
) ENGINE=InnoDB DEFAULT CHARSET=utf8mb4 COLLATE=utf8mb4_general_ci;

--
-- Dumping data for table `godina_studija`
--

INSERT INTO `godina_studija` (`id`, `godina`, `lang`) VALUES
(1, 'Prva godina', 'srb'),
(2, 'Druga godina', 'srb'),
(3, 'Treća godina', 'srb'),
(4, 'Četvrta godina', 'srb');

-- --------------------------------------------------------

--
-- Table structure for table `kategorije`
--

CREATE TABLE `kategorije` (
  `id` int(11) NOT NULL,
  `category` varchar(50) NOT NULL,
  `lang` varchar(5) NOT NULL DEFAULT 'srb',
  `sekcija` varchar(255) DEFAULT NULL,
  `prioritet` int(10) NOT NULL,
  `slug` varchar(255) NOT NULL,
  `description` text NOT NULL,
  `parent` int(10) DEFAULT NULL
) ENGINE=InnoDB DEFAULT CHARSET=utf8mb4 COLLATE=utf8mb4_general_ci;

--
-- Dumping data for table `kategorije`
--

INSERT INTO `kategorije` (`id`, `category`, `lang`, `sekcija`, `prioritet`, `slug`, `description`, `parent`) VALUES
(1, 'Акта', 'srb', 'dokumenta', 1, 'akta', '', NULL),
(2, 'Правилници', 'srb', 'dokumenta', 1, 'pravilnici', '', NULL),
(3, 'Самовредновање', 'srb', 'dokumenta', 1, 'samovrednovanje', '', NULL),
(6, 'Ценовник', 'srb', 'cenovnik', 1, 'cenovnik', '', NULL),
(7, 'Информатор рада', 'srb', 'dokumenta', 1, 'informator_rada', '', NULL),
(8, 'Акредитација', 'srb', 'dokumenta', 1, 'akreditacija', '', NULL),
(9, 'У процесу акредитације', 'srb', 'dokumenta', 1, 'akreditacija_proces', '', NULL),
(12, 'ОСС Акредитација', 'srb', NULL, 1, '', '', 8),
(13, 'ССС Акредитација', 'srb', NULL, 1, '', '', 8);

-- --------------------------------------------------------

--
-- Table structure for table `media`
--

CREATE TABLE `media` (
  `id` int(11) NOT NULL,
  `fileName` varchar(255) NOT NULL,
  `storeName` varchar(50) NOT NULL,
  `type` varchar(50) NOT NULL,
  `size` float NOT NULL,
  `createdAt` timestamp NOT NULL DEFAULT current_timestamp(),
  `lang` varchar(5) NOT NULL DEFAULT 'srb',
  `mimetype` varchar(30) NOT NULL
) ENGINE=InnoDB DEFAULT CHARSET=utf8mb4 COLLATE=utf8mb4_general_ci;

--
-- Dumping data for table `media`
--

INSERT INTO `media` (`id`, `fileName`, `storeName`, `type`, `size`, `createdAt`, `lang`, `mimetype`) VALUES
(21, 'Упутство за израду Мастер струковног рада', '1715260034190_55850505.pdf', 'pdf', 614845, '2024-05-09 13:07:14', 'srb', 'application/pdf'),
(22, 'Дневник стручне праксе', '1715260101232_272779614.pdf', 'pdf', 119274, '2024-05-09 13:08:21', 'srb', 'application/pdf'),
(23, 'Распоред наставе', '1715684366992_192000105.xlsx', 'xlsx', 23453, '2024-05-14 10:59:26', 'srb', 'application/vnd.openxmlformats'),
(24, 'Распоред испита април', '1715684507228_710405537.xlsx', 'xlsx', 11780, '2024-05-14 11:01:47', 'srb', 'application/vnd.openxmlformats'),
(25, 'Мере и субјекти обезбеђења квалитета', '1715684578923_1941595033.pdf', 'pdf', 3770210, '2024-05-14 11:02:58', 'srb', 'application/pdf'),
(26, 'Семестрални лист - формулар', '1715761516433_898380420.pdf', 'pdf', 121763, '2024-05-15 08:25:16', 'srb', 'application/pdf'),
(27, 'Пријава теме мастер рада', '1715761528238_1457615831.doc', 'doc', 36352, '2024-05-15 08:25:28', 'srb', 'application/msword'),
(28, 'Испитна пријава - формулар', '1715761536296_1998311524.pdf', 'pdf', 116501, '2024-05-15 08:25:36', 'srb', 'application/pdf'),
(29, 'Захтев за издавање уверења о положеним испитима', '1715761551120_2104223445.doc', 'doc', 34304, '2024-05-15 08:25:51', 'srb', 'application/msword'),
(30, 'Бланко прва страница мастер рада (УНУТРАШЊА)', '1715761560549_208602738.doc', 'doc', 56832, '2024-05-15 08:26:00', 'srb', 'application/msword'),
(31, 'Бланко прва страница завршног рада (УНУТРАШЊА)', '1715761570853_1501524286.doc', 'doc', 30208, '2024-05-15 08:26:10', 'srb', 'application/msword'),
(32, 'Бланко прва страна мастер рада (КОРИЦЕ)', '1715761579463_319104592.doc', 'doc', 27136, '2024-05-15 08:26:19', 'srb', 'application/msword'),
(33, 'Бланко прва страна завршног рада (КОРИЦЕ)', '1715761586666_2094824178.doc', 'doc', 27136, '2024-05-15 08:26:26', 'srb', 'application/msword'),
(35, 'Дневник стручне праксе МСС', '1716193311427_1150661809.pdf', 'pdf', 116291, '2024-05-20 08:21:51', 'srb', 'application/pdf'),
(36, 'logo', '1716290722520_486316823.png', 'png', 346933, '2024-05-21 11:25:22', 'srb', 'image/png'),
(39, 'Albina Kecman', '1742218365326_1373195983.png', 'png', 392488, '2025-03-17 13:32:45', 'srb', 'image/png'),
(40, 'Vladimir Grujić', '1742218695475_1470769304.jpg', 'jpg', 143127, '2025-03-17 13:38:15', 'srb', 'image/jpeg'),
(41, 'Milosav Stojanović', '1742218834862_1976434312.jpg', 'jpg', 9369, '2025-03-17 13:40:34', 'srb', 'image/jpeg'),
(42, 'Nenad Dugalić', '1742219773933_676247700.jpg', 'jpg', 85582, '2025-03-17 13:56:13', 'srb', 'image/jpeg'),
(43, 'Srđan Blagojević', '1742219855272_846457279.jpg', 'jpg', 35752, '2025-03-17 13:57:35', 'srb', 'image/jpeg'),
(44, 'Nataša Marjanović', '1742220089109_1120790258.jpg', 'jpg', 41024, '2025-03-17 14:01:29', 'srb', 'image/jpeg'),
(45, 'Dragan Milačić', '1742220200066_1055446620.jpg', 'jpg', 4446, '2025-03-17 14:03:20', 'srb', 'image/jpeg'),
(46, 'Jasmina Radonjić', '1742220479351_446177001.jpg', 'jpg', 150121, '2025-03-17 14:07:59', 'srb', 'image/jpeg'),
(47, 'Sonja Žarković', '1742220552841_78589347.jpg', 'jpg', 115428, '2025-03-17 14:09:12', 'srb', 'image/jpeg'),
(48, 'Blagoje Pušonja', '1742220609701_375210357.png', 'png', 433313, '2025-03-17 14:10:09', 'srb', 'image/png'),
(49, 'Ivan Ivanović', '1742220655798_1897837005.jpg', 'jpg', 8649, '2025-03-17 14:10:55', 'srb', 'image/jpeg'),
(50, 'Radica Pavlović', '1742220717901_37824647.jpg', 'jpg', 391593, '2025-03-17 14:11:57', 'srb', 'image/jpeg'),
(51, 'Marija Bešlin-Feruh', '1742220754751_1835318326.jpg', 'jpg', 20297, '2025-03-17 14:12:34', 'srb', 'image/jpeg'),
(52, 'Srđan Milenković', '1742220809935_473758262.jpg', 'jpg', 8856, '2025-03-17 14:13:29', 'srb', 'image/jpeg'),
(53, 'Milan Šoškić', '1742220853330_895167208.jpg', 'jpg', 14283, '2025-03-17 14:14:13', 'srb', 'image/jpeg'),
(54, 'Goran Slavković', '1742220909692_1222588393.jpg', 'jpg', 4772, '2025-03-17 14:15:09', 'srb', 'image/jpeg'),
(55, 'Saša Stefanović', '1742221395449_792221863.jpg', 'jpg', 165299, '2025-03-17 14:23:15', 'srb', 'image/jpeg'),
(56, 'Savo Radonjić', '1742221445079_891142499.jpg', 'jpg', 977757, '2025-03-17 14:24:05', 'srb', 'image/jpeg'),
(57, 'Biljana Knežević', '1742221671546_83876748.png', 'png', 720238, '2025-03-17 14:27:51', 'srb', 'image/png'),
(58, 'avatar', '1742221734506_1068573243.png', 'png', 6555, '2025-03-17 14:28:54', 'srb', 'image/png'),
(59, 'CV Jasmina Radonjic', '1742308237379_2030473749.pdf', 'pdf', 136027, '2025-03-18 14:30:37', 'srb', 'application/pdf'),
(60, 'Правилник о избору наставног особља', '1742389232493_2107000463.pdf', 'pdf', 564302, '2025-03-19 13:00:32', 'srb', 'application/pdf'),
(61, 'Правилник о стручној пракси на Мастер струковним студијама', '1742389264879_1331984564.pdf', 'pdf', 453291, '2025-03-19 13:01:04', 'srb', 'application/pdf'),
(62, 'Упутство за реализацију стручне праксе', '1742389311035_1462601146.pdf', 'pdf', 422443, '2025-03-19 13:01:51', 'srb', 'application/pdf'),
(63, 'Одлука о избору чланова Савета', '1742389365423_786620894.pdf', 'pdf', 157009, '2025-03-19 13:02:45', 'srb', 'application/pdf'),
(64, 'Чланови Савета - измена', '1742389405881_1656302253.pdf', 'pdf', 539829, '2025-03-19 13:03:25', 'srb', 'application/pdf'),
(65, 'Правилник о критеријумима и начинима за пружање подршке студентима из осетљивих друштвених група', '1742389433715_1856664689.pdf', 'pdf', 170534, '2025-03-19 13:03:53', 'srb', 'application/pdf'),
(66, 'Правилник о ужим научним областима', '1742389481038_1927650147.pdf', 'pdf', 100777, '2025-03-19 13:04:41', 'srb', 'application/pdf'),
(67, 'Уверење о акредитацији Мастер струковних студија', '1742389508435_337935038.pdf', 'pdf', 65047, '2025-03-19 13:05:08', 'srb', 'application/pdf'),
(68, 'Извештај о самовредновању 2020-2023', '1742389534092_1093843858.pdf', 'pdf', 1306360, '2025-03-19 13:05:34', 'srb', 'application/pdf'),
(69, 'Акциони план за спровођење стратегије обезбеђења квалитета', '1742389570657_870515104.pdf', 'pdf', 1320440, '2025-03-19 13:06:10', 'srb', 'application/pdf'),
(70, 'Информатор школе', '1742389609651_960359950.pdf', 'pdf', 2496810, '2025-03-19 13:06:49', 'srb', 'application/pdf'),
(71, 'Мере и субјекти за обезбеђење квалитета', '1742389637971_1329674861.pdf', 'pdf', 3770210, '2025-03-19 13:07:17', 'srb', 'application/pdf'),
(72, 'Стратегија обезбеђења квалитета', '1742389673768_627125694.pdf', 'pdf', 9230580, '2025-03-19 13:07:53', 'srb', 'application/pdf'),
(73, 'Уверење о акредитацији установе', '1742389703043_1687465353.pdf', 'pdf', 352466, '2025-03-19 13:08:23', 'srb', 'application/pdf'),
(74, 'Уверење о акредитацији Основних струковних студија', '1742389734896_807941106.pdf', 'pdf', 127373, '2025-03-19 13:08:54', 'srb', 'application/pdf'),
(75, 'Дозвола за рад', '1742389796455_1678866794.pdf', 'pdf', 1695520, '2025-03-19 13:09:56', 'srb', 'application/pdf'),
(76, 'Правилник о студирању', '1742389823010_904564177.pdf', 'pdf', 8943440, '2025-03-19 13:10:23', 'srb', 'application/pdf'),
(77, 'Ценовник за школску 2024/25', '1742389844755_1768939130.pdf', 'pdf', 1393540, '2025-03-19 13:10:44', 'srb', 'application/pdf'),
(78, 'Правилник о зарадама', '1742389870565_1584081672.pdf', 'pdf', 8322430, '2025-03-19 13:11:10', 'srb', 'application/pdf'),
(79, 'Правилник о изменама правилника о зарадама', '1742389896065_68630672.pdf', 'pdf', 828936, '2025-03-19 13:11:36', 'srb', 'application/pdf'),
(80, 'Правилник о поступку унутрашњег узбуњивања', '1742389948175_725197820.pdf', 'pdf', 7587400, '2025-03-19 13:12:28', 'srb', 'application/pdf'),
(81, 'Одлука о утврђивању висине школарине', '1742389975858_1549172468.pdf', 'pdf', 646863, '2025-03-19 13:12:55', 'srb', 'application/pdf'),
(82, 'Мерила за утврђивање висине школарине', '1742389999752_1360231271.pdf', 'pdf', 1408160, '2025-03-19 13:13:19', 'srb', 'application/pdf'),
(83, 'Правилник о систематизацији послова', '1742390028288_1370447736.pdf', 'pdf', 8803020, '2025-03-19 13:13:48', 'srb', 'application/pdf'),
(84, 'Правилник о критеријумима и начинима пружања подршке студентима из осетљивих друштвених група', '1742390059501_1389596430.pdf', 'pdf', 2453440, '2025-03-19 13:14:19', 'srb', 'application/pdf'),
(85, 'Публикација установе', '1742390086139_388911341.pdf', 'pdf', 2472400, '2025-03-19 13:14:46', 'srb', 'application/pdf'),
(86, 'Статут Школе 2024', '1742390108507_1681231538.pdf', 'pdf', 1943420, '2025-03-19 13:15:08', 'srb', 'application/pdf'),
(87, 'Одлука о избору нових чланова савета 30.10.2024.', '1742390140009_1019494618.pdf', 'pdf', 658286, '2025-03-19 13:15:40', 'srb', 'application/pdf'),
(88, 'Сврха СП ОСС Пословна економија', '1742390172969_1903573259.pdf', 'pdf', 101544, '2025-03-19 13:16:12', 'srb', 'application/pdf'),
(89, 'Циљеви СП ОСС Пословна економија', '1742390203426_1432569433.pdf', 'pdf', 103570, '2025-03-19 13:16:43', 'srb', 'application/pdf'),
(90, 'Параметри СП ОСС Пословна економија', '1742390219420_254400788.pdf', 'pdf', 53249, '2025-03-19 13:16:59', 'srb', 'application/pdf'),
(93, 'Књига предмета ОСС Пословна економија', '1742390583375_1615463670.pdf', 'pdf', 1013410, '2025-03-19 13:23:03', 'srb', 'application/pdf'),
(94, 'Сврха СП ССС Пословно управљање', '1742390645667_1842177477.pdf', 'pdf', 108080, '2025-03-19 13:24:05', 'srb', 'application/pdf'),
(95, 'Циљеви СП ССС Пословно управљање', '1742390669972_2063808388.pdf', 'pdf', 108561, '2025-03-19 13:24:29', 'srb', 'application/pdf'),
(96, 'Параметри СП ССС Пословно управљање', '1742390701263_1691183980.pdf', 'pdf', 48284, '2025-03-19 13:25:01', 'srb', 'application/pdf'),
(97, 'Распоред предмета ССС без извођача Пословно управљање', '1742390856098_729142265.pdf', 'pdf', 30589, '2025-03-19 13:27:36', 'srb', 'application/pdf'),
(98, 'Распоред предмета ССС са извођачима Пословно управљање', '1742390924236_520783915.pdf', 'pdf', 36482, '2025-03-19 13:28:44', 'srb', 'application/pdf'),
(99, 'Књига предмета ССС Пословно управљање', '1742390960564_192920593.pdf', 'pdf', 303372, '2025-03-19 13:29:20', 'srb', 'application/pdf'),
(100, 'Књига наставника ССС Пословно управљање', '1742390972754_626828527.pdf', 'pdf', 616100, '2025-03-19 13:29:32', 'srb', 'application/pdf'),
(101, 'Циљеви ВУ', '1742390986784_1815374870.pdf', 'pdf', 89281, '2025-03-19 13:29:46', 'srb', 'application/pdf'),
(102, 'Планирање и контрола ВУ', '1742391000767_963900240.pdf', 'pdf', 73876, '2025-03-19 13:30:00', 'srb', 'application/pdf'),
(103, 'Наставно особље у ВУ', '1742391017035_388718142.pdf', 'pdf', 46858, '2025-03-19 13:30:17', 'srb', 'application/pdf'),
(104, 'Ненаставно особље у ВУ', '1742391029539_2139781529.pdf', 'pdf', 100318, '2025-03-19 13:30:29', 'srb', 'application/pdf'),
(105, 'Извештај о самовредновању', '1742391050624_1514250558.pdf', 'pdf', 915775, '2025-03-19 13:30:50', 'srb', 'application/pdf'),
(106, 'Распоред предмета ОСС без извођача Пословна економија', '1742391734166_1735837459.pdf', 'pdf', 41739, '2025-03-19 13:42:14', 'srb', 'application/pdf'),
(107, 'Распоред предмета ОСС са извођачима Пословна економија', '1742391747333_1318960542.pdf', 'pdf', 56652, '2025-03-19 13:42:27', 'srb', 'application/pdf'),
(108, '180 thumbnail', '1742481482236_78437899.jpg', 'jpg', 109881, '2025-03-20 14:38:02', 'srb', 'image/jpeg'),
(109, '120 thumbnail', '1742481493182_1971914432.jpg', 'jpg', 407142, '2025-03-20 14:38:13', 'srb', 'image/jpeg'),
(110, '60 thumbnail', '1742481502224_1360167919.jpg', 'jpg', 162848, '2025-03-20 14:38:22', 'srb', 'image/jpeg'),
(111, 'НП Социологија', '1715767044921_266835939.pdf', 'pdf', 60312, '2025-03-29 13:36:46', 'srb', 'application/pdf'),
(112, 'НП Пословна статистика', '1715767270183_296605219.pdf', 'pdf', 59408, '2025-03-29 13:36:46', 'srb', 'application/pdf'),
(113, 'НП Oснове менаџмента', '1715768697859_1086973247.pdf', 'pdf', 63601, '2025-03-29 13:36:46', 'srb', 'application/pdf'),
(114, 'НП Пословна економија', '1715768778629_1006352431.pdf', 'pdf', 56122, '2025-03-29 13:36:46', 'srb', 'application/pdf'),
(115, 'НП Основе рачуноводства', '1715768838722_989622896.pdf', 'pdf', 75465, '2025-03-29 13:36:46', 'srb', 'application/pdf'),
(116, 'НП Пословни страни језик-енглески', '1715768872959_315742153.pdf', 'pdf', 63168, '2025-03-29 13:36:46', 'srb', 'application/pdf'),
(117, 'НП Макроекономија', '1715768920338_748014070.pdf', 'pdf', 73825, '2025-03-29 13:36:46', 'srb', 'application/pdf'),
(118, 'НП Пословна информатика', '1715768979003_1724031199.pdf', 'pdf', 59399, '2025-03-29 13:36:46', 'srb', 'application/pdf'),
(119, 'НП Организационо понашање', '1715769009294_1043980684.pdf', 'pdf', 54953, '2025-03-29 13:36:46', 'srb', 'application/pdf'),
(120, 'НП Менаџмент људских ресурса', '1715769049610_1141832694.pdf', 'pdf', 59227, '2025-03-29 13:36:46', 'srb', 'application/pdf'),
(121, 'НП Принципи маркетинга', '1715769080246_1596107419.pdf', 'pdf', 64638, '2025-03-29 13:36:46', 'srb', 'application/pdf'),
(122, 'НП Пословно право', '1715769108189_914958313.pdf', 'pdf', 54446, '2025-03-29 13:36:46', 'srb', 'application/pdf'),
(123, 'НП Пословна дипломатија', '1715769156914_59217190.pdf', 'pdf', 65474, '2025-03-29 13:36:46', 'srb', 'application/pdf'),
(124, 'НП Пословне финансије', '1715769196067_1051916219.pdf', 'pdf', 60761, '2025-03-29 13:36:46', 'srb', 'application/pdf'),
(125, 'НП Међународна економија', '1715769237131_1331874813.pdf', 'pdf', 65581, '2025-03-29 13:36:46', 'srb', 'application/pdf'),
(126, 'НП Економика туризма', '1715769268040_391900924.pdf', 'pdf', 54340, '2025-03-29 13:36:46', 'srb', 'application/pdf'),
(127, 'НП Квантитативне методе', '1715769292643_2103580782.pdf', 'pdf', 65668, '2025-03-29 13:36:46', 'srb', 'application/pdf'),
(128, 'НП Електронско пословање', '1715769329052_293394364.pdf', 'pdf', 66344, '2025-03-29 13:36:46', 'srb', 'application/pdf'),
(129, 'НП Економика трговине', '1715769381512_767866000.pdf', 'pdf', 69163, '2025-03-29 13:36:46', 'srb', 'application/pdf'),
(130, 'НП Спољнотрговинско пословање', '1715769418643_551953388.pdf', 'pdf', 71409, '2025-03-29 13:36:46', 'srb', 'application/pdf'),
(131, 'НП Предузетништво', '1715769458315_121552241.pdf', 'pdf', 54906, '2025-03-29 13:36:46', 'srb', 'application/pdf'),
(132, 'НП Управљање инвестицијама', '1715769495332_1917858682.pdf', 'pdf', 59361, '2025-03-29 13:36:46', 'srb', 'application/pdf'),
(133, 'НП Финансијска тржишта и институције', '1715769528768_2124127183.pdf', 'pdf', 62409, '2025-03-29 13:36:46', 'srb', 'application/pdf'),
(134, 'НП Понашање потрошача', '1715769567781_1231787482.pdf', 'pdf', 61936, '2025-03-29 13:36:46', 'srb', 'application/pdf'),
(135, 'НП Међународне пословне финансије', '1715769601133_1264501979.pdf', 'pdf', 59232, '2025-03-29 13:36:46', 'srb', 'application/pdf'),
(136, 'НП Маркетинг у трговини', '1715769630785_447355964.pdf', 'pdf', 53812, '2025-03-29 13:36:46', 'srb', 'application/pdf'),
(137, 'НП Производни и услужни менаџмент', '1715769670687_2076291276.pdf', 'pdf', 55945, '2025-03-29 13:36:46', 'srb', 'application/pdf'),
(138, 'НП Информациони системи у менаџменту', '1715769706232_1770976291.pdf', 'pdf', 65396, '2025-03-29 13:36:46', 'srb', 'application/pdf'),
(139, 'НП Монетарне и јавне финансије', '1715769747769_2108236508.pdf', 'pdf', 60945, '2025-03-29 13:36:46', 'srb', 'application/pdf'),
(140, 'НП Управљање инвестицијама', '1715769782232_1043834282.pdf', 'pdf', 59428, '2025-03-29 13:36:46', 'srb', 'application/pdf'),
(141, 'НП Финансијска тржишта и институције', '1715769813813_55424255.pdf', 'pdf', 62365, '2025-03-29 13:36:46', 'srb', 'application/pdf'),
(142, 'НП Спољнотрговинско пословање', '1715769843354_482904960.pdf', 'pdf', 71708, '2025-03-29 13:36:46', 'srb', 'application/pdf'),
(143, 'НП Предузетништво', '1715769873911_1065542248.pdf', 'pdf', 55113, '2025-03-29 13:36:46', 'srb', 'application/pdf'),
(144, 'НП Анализа финансијских извештаја', '1715769906194_32614823.pdf', 'pdf', 73318, '2025-03-29 13:36:46', 'srb', 'application/pdf'),
(145, 'НП Ревизија и финансијско извештавање', '1715770072338_713773488.pdf', 'pdf', 79589, '2025-03-29 13:36:46', 'srb', 'application/pdf'),
(146, 'НП Међународне пословне финансије', '1715770108242_1865803886.pdf', 'pdf', 59148, '2025-03-29 13:36:46', 'srb', 'application/pdf'),
(147, 'НП Банкарство', '1715770135597_1056901520.pdf', 'pdf', 60227, '2025-03-29 13:36:46', 'srb', 'application/pdf'),
(148, 'НП Информациони системи у менаџменту', '1715770163492_1500735066.pdf', 'pdf', 65536, '2025-03-29 13:36:46', 'srb', 'application/pdf'),
(149, 'НП Академско писање и презентовање', '1715773236535_1438071067.pdf', 'pdf', 61369, '2025-03-29 13:36:46', 'srb', 'application/pdf'),
(150, 'НП Лидерство', '1715773262474_1527473334.pdf', 'pdf', 63638, '2025-03-29 13:36:46', 'srb', 'application/pdf'),
(151, 'НП Пословно комуницирање', '1715773321694_2031228567.pdf', 'pdf', 68651, '2025-03-29 13:36:46', 'srb', 'application/pdf'),
(152, 'НП Пословна етика', '1715773342948_820183363.pdf', 'pdf', 69679, '2025-03-29 13:36:46', 'srb', 'application/pdf'),
(153, 'НП Пословна анализа', '1715773371516_264154006.pdf', 'pdf', 63875, '2025-03-29 13:36:46', 'srb', 'application/pdf'),
(154, 'НП Менаџмент услуга', '1715773399176_624904518.pdf', 'pdf', 55733, '2025-03-29 13:36:46', 'srb', 'application/pdf'),
(155, 'НП Енглески за економисте', '1715773449156_1409194155.pdf', 'pdf', 63573, '2025-03-29 13:36:46', 'srb', 'application/pdf'),
(156, 'НП Предузетничко пословање', '1715773483727_521717550.pdf', 'pdf', 57986, '2025-03-29 13:36:46', 'srb', 'application/pdf'),
(157, 'НП Туризам и економски развој', '1715773537008_1320673081.pdf', 'pdf', 61622, '2025-03-29 13:36:46', 'srb', 'application/pdf'),
(158, 'НП Менаџмент у трговини', '1715773560273_1443974355.pdf', 'pdf', 65151, '2025-03-29 13:36:46', 'srb', 'application/pdf'),
(159, 'НП Економија осигурања', '1715773585186_1958983473.pdf', 'pdf', 69181, '2025-03-29 13:36:47', 'srb', 'application/pdf'),
(160, 'НП Економија Европске уније', '1715773621984_2062930095.pdf', 'pdf', 69783, '2025-03-29 13:36:47', 'srb', 'application/pdf'),
(161, 'НП Директан и интернет маркетинг', '1715773647318_1215864692.pdf', 'pdf', 79103, '2025-03-29 13:36:47', 'srb', 'application/pdf'),
(162, 'НП Опорезивање у приватном и јавном сектору', '1715773676828_1396183147.pdf', 'pdf', 56563, '2025-03-29 13:36:47', 'srb', 'application/pdf'),
(163, 'НП Глобализација пословања', '1715773705694_1180684166.pdf', 'pdf', 67265, '2025-03-29 13:36:47', 'srb', 'application/pdf'),
(164, 'CV Владимир Грујић', '1715163371619_1420376489.pdf', 'pdf', 155306, '2025-03-29 14:16:10', 'srb', 'application/pdf'),
(165, 'CV Милосав Стојановић', '1717673078651_1613032292.pdf', 'pdf', 129885, '2025-03-29 14:16:10', 'srb', 'application/pdf'),
(166, 'CV Ненад Дугалић', '1715167891486_1664656279.pdf', 'pdf', 130757, '2025-03-29 14:16:10', 'srb', 'application/pdf'),
(167, 'CV Срђан Благојевић', '1715168310902_2074333979.pdf', 'pdf', 163916, '2025-03-29 14:16:10', 'srb', 'application/pdf'),
(168, 'CV Наташа Марјановић', '1715168693322_214534687.pdf', 'pdf', 167158, '2025-03-29 14:16:10', 'srb', 'application/pdf'),
(169, 'CV Драган Милачић', '1715169051558_2088480982.pdf', 'pdf', 163220, '2025-03-29 14:16:10', 'srb', 'application/pdf'),
(170, 'CV Благоје  Пушоња', '1715170313658_784957541.pdf', 'pdf', 160695, '2025-03-29 14:16:10', 'srb', 'application/pdf'),
(171, 'CV Иван Ивановић', '1715173257424_1520037671.pdf', 'pdf', 139243, '2025-03-29 14:16:10', 'srb', 'application/pdf'),
(172, 'CV Радица  Павловић', '1715246644498_27995728.pdf', 'pdf', 195008, '2025-03-29 14:16:10', 'srb', 'application/pdf'),
(173, 'CV Марија Бешлин-Ферух', '1715246938663_338460764.pdf', 'pdf', 182759, '2025-03-29 14:16:10', 'srb', 'application/pdf'),
(174, 'CV Срђан Миленковић', '1715248133204_1492289047.pdf', 'pdf', 137116, '2025-03-29 14:16:10', 'srb', 'application/pdf'),
(175, 'CV Горан Славковић', '1715248652918_469758367.pdf', 'pdf', 166588, '2025-03-29 14:16:10', 'srb', 'application/pdf'),
(176, 'CV Саша Стефановић', '1715248825154_198427968.pdf', 'pdf', 176389, '2025-03-29 14:16:10', 'srb', 'application/pdf');

-- --------------------------------------------------------

--
-- Table structure for table `navmenu`
--

CREATE TABLE `navmenu` (
  `id` int(11) NOT NULL,
  `caption` varchar(255) NOT NULL,
  `drop` tinyint(1) NOT NULL DEFAULT 1,
  `to` varchar(255) DEFAULT NULL,
  `parent` int(11) DEFAULT NULL,
  `level` int(11) NOT NULL,
  `position` int(11) NOT NULL DEFAULT 1,
  `lang` varchar(5) NOT NULL
) ENGINE=InnoDB DEFAULT CHARSET=utf8mb4 COLLATE=utf8mb4_general_ci;

--
-- Dumping data for table `navmenu`
--

INSERT INTO `navmenu` (`id`, `caption`, `drop`, `to`, `parent`, `level`, `position`, `lang`) VALUES
(1, 'О нама', 1, NULL, NULL, 1, 1, 'srb'),
(2, 'Савет', 0, '/onama/savet', 1, 2, 1, 'srb'),
(3, 'Руководство', 0, '/onama/rukovodstvo', 1, 2, 1, 'srb'),
(4, 'Наставно особље', 0, '/oname/nastavno_osoblje', 1, 2, 1, 'srb'),
(5, 'Ненаставно особље', 0, '/onama/nenastavno_osoblje', 1, 2, 1, 'srb'),
(6, 'Ценовник', 0, '/cenovnik', 1, 2, 1, 'srb'),
(7, 'Студије', 0, '/studije', NULL, 1, 1, 'srb'),
(8, 'Документа', 1, NULL, NULL, 1, 1, 'srb'),
(9, 'Акта', 0, '/dokumenta/akta', 8, 2, 1, 'srb'),
(10, 'Правилници', 0, '/dokumenta/pravilnici', 8, 2, 1, 'srb'),
(11, 'Самовредновање', 0, '/dokumenta/samovrednovanje', 8, 2, 1, 'srb'),
(12, 'Информатор рада', 0, '/dokumenta/informator_rada', 8, 2, 1, 'srb'),
(13, 'Акредитација', 0, '/dokumenta/akreditacija', 8, 2, 1, 'srb'),
(14, 'У процесу акредитације', 0, '/dokumenta/akreditacija_proces', 8, 2, 1, 'srb'),
(15, 'Студенти', 1, NULL, NULL, 1, 1, 'srb'),
(16, 'Распоред предавања', 0, '/raspored/predavanja', 15, 2, 1, 'srb'),
(17, 'Распоред испита', 0, '/studije/ispiti', 7, 2, 1, 'srb'),
(18, 'Упутства и обрасци', 0, '/preuzimanje', 15, 2, 3, 'srb'),
(19, 'Вести', 0, '/vesti', NULL, 1, 1, 'srb'),
(20, 'Упис', 0, '/upis', NULL, 1, 1, 'srb'),
(21, 'Алумни', 0, '/alumni', NULL, 1, 1, 'srb'),
(22, 'Контакт', 0, '/kontakt', NULL, 1, 1, 'srb'),
(23, 'Распоред испита', 0, '/raspored/ispiti', 15, 2, 2, 'srb');

-- --------------------------------------------------------

--
-- Table structure for table `nivo_studija`
--

CREATE TABLE `nivo_studija` (
  `id` int(11) NOT NULL,
  `title` varchar(255) NOT NULL,
  `description` text NOT NULL,
  `image` varchar(150) NOT NULL,
  `slug` varchar(30) NOT NULL,
  `lang` varchar(5) NOT NULL DEFAULT 'srb',
  `lvl` int(11) NOT NULL
) ENGINE=InnoDB DEFAULT CHARSET=utf8mb4 COLLATE=utf8mb4_general_ci;

--
-- Dumping data for table `nivo_studija`
--

INSERT INTO `nivo_studija` (`id`, `title`, `description`, `image`, `slug`, `lang`, `lvl`) VALUES
(1, 'Основне струковне студије', '', '108', 'osnovne', 'srb', 1),
(2, 'Специјалистичке струковне студије', '', '110', 'specijalisticke', 'srb', 2),
(3, 'Мастер струковне студије', '', '109', 'master', 'srb', 3);

-- --------------------------------------------------------

--
-- Table structure for table `obrazovanje_osoblje`
--

CREATE TABLE `obrazovanje_osoblje` (
  `id` int(11) NOT NULL,
  `osobljeID` int(11) NOT NULL,
  `tema` text NOT NULL,
  `ustanova` text NOT NULL,
  `godina` int(11) NOT NULL
) ENGINE=InnoDB DEFAULT CHARSET=utf8mb4 COLLATE=utf8mb4_general_ci;

-- --------------------------------------------------------

--
-- Table structure for table `odbori`
--

CREATE TABLE `odbori` (
  `id` int(10) NOT NULL,
  `odbor` varchar(50) NOT NULL,
  `prioritet` int(10) NOT NULL DEFAULT 1,
  `lang` varchar(5) NOT NULL DEFAULT 'srb',
  `slug` varchar(255) DEFAULT NULL
) ENGINE=InnoDB DEFAULT CHARSET=utf8mb4 COLLATE=utf8mb4_general_ci;

--
-- Dumping data for table `odbori`
--

INSERT INTO `odbori` (`id`, `odbor`, `prioritet`, `lang`, `slug`) VALUES
(1, 'Савет', 1, 'srb', 'savet'),
(2, 'Руководство', 1, 'srb', 'rukovodstvo'),
(3, 'Наставно особље', 1, 'srb', 'nastavno_osoblje'),
(4, 'Ненаставно особље', 1, 'srb', 'nenastavno_osoblje');

-- --------------------------------------------------------

--
-- Table structure for table `odbor_pozicija`
--

CREATE TABLE `odbor_pozicija` (
  `id` int(11) NOT NULL,
  `odborID` int(11) NOT NULL,
  `prioritet` int(11) NOT NULL,
  `pozicija` varchar(255) NOT NULL,
  `lang` varchar(5) NOT NULL
) ENGINE=InnoDB DEFAULT CHARSET=utf8mb4 COLLATE=utf8mb4_general_ci;

--
-- Dumping data for table `odbor_pozicija`
--

INSERT INTO `odbor_pozicija` (`id`, `odborID`, `prioritet`, `pozicija`, `lang`) VALUES
(1, 1, 2, 'Члан савета школе', 'srb'),
(2, 1, 1, 'Председник савета школе', 'srb'),
(3, 2, 1, 'Правник школе', 'srb'),
(4, 2, 1, 'Директор установе', 'srb'),
(5, 2, 1, 'Председник савета школе', 'srb'),
(6, 3, 1, 'Професор струковних студија', 'srb'),
(7, 3, 1, 'Предавач', 'srb'),
(8, 3, 1, 'Наставник страног језика', 'srb'),
(9, 4, 1, 'Секретар школе', 'srb'),
(10, 4, 1, 'Библиотекар', 'srb'),
(11, 4, 1, 'Администратор рачунарске мреже', 'srb'),
(12, 4, 1, 'Спремачица и кафе куварица', 'srb'),
(13, 4, 1, 'Студентска служба - шеф студентске службе', 'srb'),
(14, 4, 1, 'Студентска служба - референт за студентска питања', 'srb'),
(15, 4, 1, 'Пословни секретар', 'srb'),
(16, 4, 1, 'Аналитичар и благајник', 'srb'),
(17, 4, 1, 'Возач (Техничка служба)', 'srb');

-- --------------------------------------------------------

--
-- Table structure for table `osoblje`
--

CREATE TABLE `osoblje` (
  `id` int(11) NOT NULL,
  `firstName` varchar(50) NOT NULL,
  `lastName` varchar(50) NOT NULL,
  `title` varchar(10) DEFAULT NULL,
  `rank` varchar(50) DEFAULT NULL,
  `email` varchar(70) DEFAULT NULL,
  `cv` varchar(30) DEFAULT NULL,
  `image` varchar(30) DEFAULT NULL,
  `lang` varchar(5) NOT NULL DEFAULT 'srb',
  `description` text DEFAULT NULL,
  `active` tinyint(1) NOT NULL DEFAULT 1,
  `status` enum('clan','nastavno','nenastavno','') DEFAULT NULL,
  `sufix` varchar(255) DEFAULT NULL,
  `imageID` int(10) NOT NULL,
  `reference` varchar(255) DEFAULT NULL,
  `translate_relation` longtext DEFAULT NULL
) ENGINE=InnoDB DEFAULT CHARSET=utf8mb4 COLLATE=utf8mb4_general_ci;

--
-- Dumping data for table `osoblje`
--

INSERT INTO `osoblje` (`id`, `firstName`, `lastName`, `title`, `rank`, `email`, `cv`, `image`, `lang`, `description`, `active`, `status`, `sufix`, `imageID`, `reference`, `translate_relation`) VALUES
(10, 'Албина', 'Кецман', 'др', 'Професор струковних студија', 'albina.kecman@vpscacak.edu.rs', NULL, '1715465535238_1391626674.png', 'srb', '<p>ДР АЛБИНА КЕЦМАН ШУШЊАР ЈЕ МАГИСТРИРАЛА 2006. ГОДИНЕ НА ЕКОНОМСКОМ ФАКУЛТЕТУ У БЕОГРАДУ, ГДЕ ЈЕ СТЕКЛА И МАСТЕР ДИПЛОМУ ХЕЦ ПОСЛОВНЕ ШКОЛЕ ИЗ ПАРИЗА, У ОКВИРУ МЕЂУНАРОДНОГ МАГИСТАРСКОГ КУРСА ИЗ ПОСЛОВНЕ ЕКОНОМИЈЕ. ДОКТОРИРАЛА ЈЕ 2013. ГОД. НА ЕКОНОМСКОМ ФАКУЛТЕТУ У БЕОГРАДУ.</p><p>ИЗАБРАНА ЈЕ У ЗВАЊЕ ПРОФЕСОРА СТРУКОВНИХ СТУДИЈА ЗА УЖЕ НАУЧНЕ ОБЛАСТИ МЕНАЏМЕНТ И МАРКЕТИНГ И ЕКОНОМИЈА; ФИНАНСИЈЕ И БАНКАРСТВО. НАСТАВНИК ЈЕ НА ПРЕДМЕТИМА МЕНАЏМЕНТ ЉУДСКИХ РЕСУРСА, ОРГАНИЗАЦИОНО ПОНАШАЊЕ И ПРИНЦИПИ МАРКЕТИНГА.</p><p>ПОСЕДУЈЕ ПРЕКО 15 ГОДИНА РАДНОГ ИСКУСТВА, ОД ЧЕГА СКОРО 10 ГОДИНА НА ОДГОВОРНИМ РУКОВОДЕЋИМ ПОЗИЦИЈАМА.</p><p>АУТОР ЈЕ ВИШЕ СТРУЧНИХ РАДОВА ИЗ ОБЛАСТИ МЕНАЏМЕНТА И ЕКОНОМИЈЕ, КАО И КОАТОР КЊИГЕ “МЕНАЏМЕНТ ЉУДСКИХ РЕСУРСА”.</p><p>ГОВОРИ ЕНГЛЕСКИ И ШПАНСКИ ЈЕЗИК, А ПОЗНАЈЕ И ОСНОВЕ НЕМАЧКОГ ЈЕЗИКА.</p>', 1, 'nastavno', NULL, 39, NULL, NULL),
(13, 'Владимир', 'Грујић', 'др', 'Професор струковних студија', 'vladimir.grujic@vpscacak.edu.rs', '164', '1715163371618_532717362.jpg', 'srb', '<p>ДР ВЛАДИМИР ГРУЈИЋ ЈЕ ПРОФЕСОР ВИСОКЕ ПОСЛОВНЕ ШКОЛЕ СТРУКОВНИХ СТУДИЈА ИЗ БЕОГРАДА, ЗА ОБЛАСТ ДРУШТВЕНИХ НАУКА, НА ПРЕДМЕТИМА СОЦИОЛОГИЈА, МЕНАЏМЕНТА ЉУДСКИХ РЕСУРСА И ПОСЛОВНА ЕТИКА. РОЂЕН ЈЕ У ДЕРВЕНТИ 1959. ГОДИНЕ, РЕПУБЛИКА БИХ. У НОВОМ САДУ ЈЕ ЗАВРШИО ОСНОВНУ И СРЕДЊУ ТЕХНИЧКУ ШКОЛУ. УПИСАО ЈЕ СТУДИЈЕ НА ВОЈНОЈ АКАДЕМИЈИ КОПНЕНЕ ВОЈСКЕ У БЕОГРАДУ 1979. ГОДИНЕ И НА ИСТОЈ ДИПЛОМИРАО 1983. ГОДИНЕ. ПОСТДИПЛОМСКЕ СТУДИЈЕ УПИСАО ЈЕ 1988. ГОДИНЕ НА ВОЈНОЈ АКАДЕМИЈИ НА СМЕРУ ВОЈНЕ СОЦИОЛОГИЈЕ И ИСТЕ ЗАВРШИО 1993. ГОДИНЕ. ДОКТОРСКУ ДИСЕРТАЦИЈУ НА ТЕМУ “ОРГАНИЗАЦИЈА ВОЈНЕ АКАДЕМИЈЕ ВОЈСКЕ ЈУГОСЛАВИЈЕ И МОТИВАЦИЈА СТУДЕНАТА ЗА УЧЕЊЕ”, – ОДБРАНИО ЈЕ 1999. ГОДИНЕ ИЗ ОБЛАСТИ ВОЈНЕ СОЦИОЛОГИЈЕ НА КАТЕДРИ ДРУШТВЕНИХ НАУКА ВОЈНЕ АКАДЕМИЈЕ У БЕОГРАДУ И СТЕКАО СТЕПЕН ДОКТОРА ВОЈНЕ СОЦИОЛОГИЈЕ. КАО АСИСТЕНТ ПРИПРАВНИК, КАРИЈЕРУ ЗАПОЧИЊЕ 1990. ГОДИНЕ НА ВОЈНОЈ АКАДЕМИЈИ У КАТЕДРИ ДРУШТВЕНИХ НАУКА, ГДЕ ОД 1993. ДО 1999. ГОДИНЕ РАДИ КАО АСИСТЕНТ. НАКОН ОДБРАНЕ ДОКТОРАТА НА ИСТОЈ КАТЕДРИ РАДИ КАО НАСТАВНИК ОД 1999. ДО 2001. ГОДИНЕ. ОД 2001. ДО 2007. ГОДИНЕ НАЧЕЛНИК ЈЕ КАТЕДРЕ ДРУШТВЕНИХ НАУКА, А ОД 2007. ГОДИНЕ КАО ВАНРЕДНИ ПРОФЕСОР ВРШИ ДУЖНОСТ ПРОДЕКАНА ЗА НАСТАВУ НА ВОЈНОЈ АКАДЕМИЈИ. У ЗВАЊУ ВАНРЕДНОГ ПРОФЕСОРА НА СПОРТСКОЈ АКАДЕМИЈИ У БЕОГРАДУ РЕАЛИЗУЈЕ НАСТАВУ СОЦИОЛОГИЈЕ СПОРТА. ОБАВЉАО ЈЕ НИЗ НАЈРАЗЛИЧИТИЈИХ ФУНКЦИЈА У ОКВИРУ ВОЈНЕ АКАДЕМИЈЕ И ВИСОКЕ ПОСЛОВНЕ ШКОЛЕ СТРУКОВНИХ СТУДИЈА ИЗ БЕОГРАДА. АУТОР ЈЕ ВЕЋЕГ БРОЈА НАУЧНИХ И СТРУЧНИХ РАДОВА, КАО И ПРОЈЕКАТА И СТУДИЈА. ТАКОЂЕ, ПИСАЦ ЈЕ ВЕЋЕГ БРОЈА КЊИГА ИЗ ОБЛАСТИ ДРУШТВЕНИХ НАУКА.У 2018. ГОДИНИ У SAD СА АСИСТЕНТОМ ДРАГАНОМ ЛАЗИЋЕМ ОБЈАВИО ЈЕ КЊИГУ KРИЗНИ МЕНАЏМЕНТ У АВИЈАЦИЈИ.ОТАЦ ЈЕ ДВОЈЕ ДЕЦЕ.</p>', 1, 'clan', NULL, 40, NULL, NULL),
(16, 'Милосав', 'Стојановић', 'др', 'Професор струковних студија', 'milosav.stojanovic@vpscacak.edu.rs', '165', '1715166937883_693880722.jpg', 'srb', '<p>СТОЈАНОВИЋ МИЛОСАВ ЈЕ РОЂЕН У ПРИШТИНИ, ГДЕ ЈЕ ЗАВРШИО ОСНОВНУ, СРЕДЊУ ШКОЛУ И ЕКОНОМСКИ ФАКУЛТЕТ. МАГИСТРИРАО ЈЕ НА ЕКОНОМСКОМ ФАКУЛТЕТУ У ПРИШТИНИ СА ПРИВРЕМЕНИМ СЕДИШТЕМ У БЛАЦУ 2000.ГОДИНЕ, ОДБРАНОМ ТЕМЕ “МЕЂУНАРОДНО ПЛАЋАЊЕ ПРЕКО КЛИРИНГА” А ДОКТОРСКУ ДИСЕРТАЦИЈУ НА ТЕМУ „СТРАТЕГИЈСКИ МЕНАЏМЕНТ У ЕКОНОМСКИ ЗНАЊА“ ОДБРАНИО ЈЕ 2007 ГОД. НА ФАКУЛТЕТУ ЗА ИНДУСТРИЈСКИ МЕНАЏМЕНТ У КРУШЕВЦУ, УНИВЕРЗИТЕТА УНИОН У БЕОГРАДУ.ОД ФЕБРУАРА 1991. ГОД., ДО КРАЈА 2014. ГОДИНЕ РАДИО У МУП-У РЕПУБЛИКЕ СРБИЈЕ, КАДА ЈЕ И ПЕНЗИОНИСАН, А ПРЕ ТОГА У Т.П. “ДАРДАНИЈА-КОМЕРЦ”, НА ПОЗИЧИЈИ КОМЕРЦИЈАЛНОГ ДИРЕКТОРА.</p><p>ОД ФЕБРУАРА 2015 ГОДИНЕ РАДНУ КАРИЈЕРУ НАСТАВЉА У НАСТАВИ, РАДИ КАО ПРЕДАВАЧ И ПРОДЕКАН ЗА НАСТАВУ НА „ФАКУЛТЕТУ ЗА ЦИВИЛНО ВАЗДУХОПЛОВСТВО“ УИВЕРЗИТЕТА „ЏОН НЕЗБИТ“ У БЕОГРАДУ, ГДЕ ЈЕ ОБАВЉАО И ПОСЛОВЕ ЧЛАНА КОМИСИЈЕ КОНТРОЛЕ КВАЛИТЕТА .</p><p>У ЗВАЊЕ ДОЦЕНТА ИЗАБРАН ЈЕ ФЕБРУАРА 2015. ГОДИНЕ, ГДЕ ЈЕ РАДИО ДО 29.08.2018. ГОДИНЕ ПРЕДМЕТЕ КОЈЕ ЈЕ ПРЕДАВАО СУ: „ОСНОВИ МЕНАЏМЕНТА У ВАЗДУХОПЛОВСТВУ“, „УПРАВЉАЊЕ РИЗИКОМ“ , „МЕНАЏМЕНТ У ВАЗДУХОПЛОВСТВУ“, „ФИНАНСИЈСКИ МЕНАЏМЕНТ“, „МЕНАЏМЕНТ БЕЗБЕДНОСТИ У ВАЗДУХОПЛОВСТВУ“. БИО ЈЕ АНГАЖОВАН И НА „ФАКУЛТЕТУ ЗА ПОСЛОВНЕ СТУДИЈЕ“ У ВРШЦУ НА ПРЕДМЕТУ „ЛОГИСТИКА“ И НА ВИСОКОЈ ПОСЛОВНОЈ ШКОЛИ СТРУКОВНИХ СТУДИЈА „ЧАЧАК“- БЕОГРАД, НА ПРЕДМЕТИМА „КОРПОРАТИВНЕ ФИНАНСИЈЕ“ И „БАНКАРСТВО“.</p><p>НАУЧНИМ РАДОМ СЕ БАВИ ОД 2002. ГОДИНЕ И АУТОР ЈЕ ЧЕТИРИ МОНОГРАФИЈЕ И ТРИДЕСЕТАК НАУЧНИХ РАДОВА ОБЈАВЉЕНИХ У МЕЂУНАРОДНИМ И ДОМАЋИМ ЧАСОПИСИМА, КАО И ИЗЛАГАЊА НА МЕЂУНАРОДНИМ И ДОМАЋИМ КОНФЕРЕНЦИЈАМА. </p><p>НАЈЗНАЧАЈНИЈЕ РЕФЕРЕНЦЕ СУ:</p><p> „ПОНАШАЊЕ У ОРГАНИЗАЦИЈАМА” (ЂОРЂЕВИЋ Б., СТОЈАНОВИЋ М.2002), „РАЗМЕРЕ СИВЕ ЕКОНОМИЈЕ И МЕРЕ ЗА ЊЕНО СУЗБИЈАЊЕ“, (СТОЈАНОВИЋ М. 2003), „ЗНАЧАЈ МЕЂУНАРОДНИХ ПЛАЋАЊА ПРЕКО КЛИРИНГА”, ( СТОЈАНОВИЋ М. 2003), „ПОСЕБНЕ ТЕМЕ МЕНАЏМЕНТА”, (ЂОРЂЕВИЋ Б., СТОЈАНОВИЋ М. 2004), „УЛОГА КЛИРИНГА У МЕЂУБАНКАРСКИМ ОБРАЧУНИМА И НЕОПХОДНОСТ ЊЕГОВЕ АФИРМАЦИЈЕ У НАШ ФИНАНСИЈСКИ СИСТЕМ”, (СТОЈАНОВИЋ М.2004), „УНУТРАШЊИ СВЕТ КРЕАТИВНОГ МЕНАЏЕРА“, (ЂОРЂЕВИЋ Б., СТОЈАНОВИЋ М. 2005), „СТРАТЕГИЈА У ЕКОНОМИЈИ ЗНАЊА“, ( СТОЈАНОВИЋ М. 2007), „ЗНАЧАЈ ИНФОРМАЦИОНЕ ТЕХНОЛОГИЈЕ У БАНКАРСТВУ НА СУЗБИЈАЊУ КРИВИЧНОГ ДЕЛА ПРЕВАРЕ КАО САВРЕМЕНОГ ВИДА КРИМИНАЛА ПОД ОКРИЉЕМ „ЛЕГАЛНОГ“ ПОСЛОВАЊА“, ( СТОЈАНОВИЋ М., ПЕТРОВИЋ С. 2010 ), „СТРАТЕГИЈСКИ МЕНАДЗМЕНТ“, (ЂОРЂЕВИЋ. Б, СТОЈАНОВИЋ М. 2013),\'\' ЕФЕКТИ МАРКЕТИНГА ОЛИМПИСКИХ ИГАРА\'\'(М.Р.М.ТРКУЉА:ДР М. СТОЈАНОВИЋ 2017).</p>', 1, NULL, NULL, 41, NULL, NULL),
(17, 'Ненад', 'Дугалић', 'др', 'Професор струковних студија', 'nenad.dugalic@vpscacak.edu.rs', '166', '1715167891485_2486426.jpg', 'srb', '<p class=\"ql-align-justify\">ДР НЕНАД ДУГАЛИЋ, ПРОФЕСОР СТРУКОВНИХ СТУДИЈА, РОЂЕН ЈЕ 19. АПРИЛА 1975. ГОДИНЕ У КРАЉЕВУ, ГДЕ ЈЕ ЗАВРШИО ОСНОВНУ И СРЕДЊУ ЕКОНОМСКУ ШКОЛУ. ДИПЛОМИРАО ЈЕ И МАГИСТРИРАО НА ЕКОНОМСКОМ ФАКУЛТЕТУ УНИВЕРЗИТЕТА У КРАГУЈЕВЦУ, А ДОКТОРИРАО ЈЕ НА ПРАВНОЕКОНОМСКОЈ НАУЧНОЈ ОБЛАСТИ ПРАВНОГ ФАКУЛТЕТА УНИВЕРЗИТЕТА У КРАГУЈЕВЦУ.</p><p class=\"ql-align-justify\">ОДБРАЊЕНА ДОКТОРСКА ДИСЕРТАЦИЈА:</p><p class=\"ql-align-justify\">–&nbsp;&nbsp;&nbsp;НЕНАД ДУГАЛИЋ,<strong>&nbsp;</strong>УЛОГА И ЗНАЧАЈ ЗЕМАЉА БРИКС-А У САВРЕМЕНОЈ ГЛОБАЛНОЈ ЕКОНОМИЈИ, ДОКТОРСКА ДИСЕРТАЦИЈА, ПРАВНИ ФАКУЛТЕТ УНИВЕРЗИТЕТА У КРАГУЈЕВЦУ, 25.06.2020.ГОДИНЕ, М-70.</p><p class=\"ql-align-justify\">ОДБРАЊЕНА МАГИСТАРСКА ТЕЗА:</p><p>–    НЕНАД ДУГАЛИЋ,&nbsp;<em>ЕКОНОМСКИ СУВЕРЕНИТЕТ У УСЛОВИМА ГЛОБАЛИЗАЦИЈЕ</em>, МАГИСТАРСКА ТЕЗА, ЕКОНОМСКИ ФАКУЛТЕТ У КРАГУЈЕВЦУ, 09.11.2009. ГОДИНЕ. [COBISS.SR-ID 512398428],</p><p class=\"ql-align-justify\">&nbsp;</p><p class=\"ql-align-justify\">ОД 2016. ГОДИНЕ ЗАПОСЛЕН ЈЕ НА ВИСОКОЈ ПОСЛОВНОЈ ШКОЛИ СТРУКОВНИХ СТУДИЈА – БЕОГРАД, ГДЕ ЈЕ ИЗАБРАН У ЗВАЊЕ ПРЕДАВАЧА А ПОТОМ И У ЗВАЊЕ ПРОФЕСОРА СТРУКОВНИХ СТУДИЈА, ЗА УЖЕ НАУЧНЕ ОБЛАСТИ (1) ЕКОНОМИЈА И (2) ФИНАНСИЈЕ И БАНКАРСТВО.</p><p class=\"ql-align-justify\">ОБЈАВИО ЈЕ ВИШЕ НАУЧНИХ РАДОВА У НАУЧНИМ И СТРУЧНИМ ЧАСОПИСИМА И БИО УЧЕСНИК НАУЧНИХ СКУПОВА И КОНФЕРЕНЦИЈА У ЗЕМЉИ И ИНОСТРАНСТВУ. ТАКОЂЕ, АУТОР ЈЕ И ДВЕ СКРИПТЕ КОЈЕ СЕ КОРИСТЕ У ПРОЦЕСУ НАСТАВЕ.</p><p class=\"ql-align-justify\">СЛУЖИ СЕ ЕНГЛЕСКИМ И РУСКИМ ЈЕЗИКОМ И ПОСЕДУЈЕ ЗНАЊЕ РАДА НА РАЧУНАРУ (WINDOWS, WORD, EXCEL, POWER POINT…).</p><p><br></p>', 1, NULL, NULL, 42, NULL, NULL),
(18, 'Срђан', 'Благојевић', 'др', 'Професор струковних студија', 'srdjan.blagojevic@vpscacak.edu.rs', '167', '1715168310901_22900296.jpg', 'srb', '<p><span style=\"color: black;\">ДР СРЂАН БЛАГОЈЕВИЋ РОЂЕН ЈЕ У БЕОГРАДУ И ИМА ЗВАЊЕ ДОКТОРА НАУКА У ОБЛАСТИ МЕНАЏМЕНТА И БИЗНИСАКАО И МАГИСТРА ИЗ МЕЂУНАРОДНЕ ЕКОНОМИЈЕ, ОБЛАСТ, ПОСЛОВНА ДИПЛОМАТИЈА.</span></p><p><span style=\"color: black;\">НАКОН ДИПЛОМИРАЊА НА САОБРАЋАЈНОМ ФАКУЛТЕТУ У БЕОГРАДУ, ПТТ СМЕРУ, ЗАПОШЉАВА СЕ У ФАБРИЦИ ЗА ПРОИЗВОДЊУ ДИГИТАЛНИХ ТЕЛЕФОНСКИХ ЦЕНТРАЛА „ЕИ ПУПИН ГТЕ“ ГДЕ КАО ИНЖЕЊЕР РАДИ НА КОНФИГУРИСАЊУ И ПРОДАЈИ ДИГИТАЛНИХ ЦЕНТРАЛА ЗА ИНТЕГРИСАНУ КОМУТАЦИЈУ ГОВОРА И ПОДАТАКА. СА МЕСТА РУКОВОДИОЦА ПРОДАЈЕ, 1993. ГОДИНЕ СА ПОРОДИЦОМ ОДЛАЗИ У КАНАДУ ГДЕ СЕ ЗАПОШЉАВА У ЈЕДНОЈ ОД ВОДЕЋИХ КОМПАНИЈА ЗА ПРОИЗВОДЊУ ОПРЕМЕ ЗА ИЗГРАДЊУ МРЕЖА ЗА ПРЕНОС ПОДАТАКА СА ЗАДАТКОМ МЕЂУНАРОДНОГ ШИРЕЊА ПОСЛОВАЊА.</span></p><p><span style=\"color: black;\">2000. ГОДИНЕ ПОСТАЈЕ ПОТПРЕДСЕДНИК ЗА ПРОДАЈУ И МАРКЕТИНГ, ИСТЕ КОМПАНИЈЕ, НА ГЛОБАЛНОМ ТРЖИШТУ. ТОКОМ ГОДИНА ПРОВЕДЕНИХ НА РАДУ У КАНАДИ, ПАРАЛЕЛНО ПОХАЂА КУРСЕВЕ СТРУЧНОГ УСАВРШАВАЊА ИЗ ОБЛАСТИ ИНФОРМАЦИОНЕ ТЕХНОЛОГИЈЕ И ПОСЛОВНОГ ПРЕГОВАРАЊА.</span></p><p><span style=\"color: black;\">2000. ОСНИВА КОМПАНИЈУ „ИНФОРМАЦИОНЕ ТЕХНОЛОГИЈЕ“ КОЈА ЈЕ У ТОМ ТРЕНУТКУ ЛИДЕР У ОБЛАСТИ ИНТЕРНЕТ СЕРВИСА А 2001. ГОДИНЕ, ПО ПОВРАТКУ У СРБИЈУ, БИВА ИЗАБРАН НА МЕСТО ГЕНЕРАЛНОГ ДИРЕКТОРА ЈП „ПТТ СРБИЈА“ И ПРЕДСЕДНИКА УПРАВНОГ ОДБОРА ПОШТАНСКЕ ШТЕДИОНИЦЕ.</span></p><p><span style=\"color: black;\">2003. ГОДИНЕ ПОЧИЊЕ ДА РАЗВИЈА НОВУ КОМПАНИЈУ ЗА РАЗВОЈ И ЕКСПЛОАТАЦИЈУ СМС И ТЕЛЕФОНСКИХ СЕРВИСА И УСЛУГА „СМС НЕТ“ КОЈА ПОСТАЈЕ ПИОНИР У ОБЛАСТИ СМС ГЛАСАЊА НА МЕДИЈИМА. У СКЛОПУ РАДА У КОМПАНИЈИ, A У САРАДЊИ СА КАТЕДРОМ ЗА АКУСТИКУ ЕЛЕКТРОТЕХНИЧКОГ ФАКУЛТЕТА У БЕОГРАДУ, УЧЕСТВУЈЕ У ИЗРАДИ ПАТЕНТА ПОД БРОЈЕМ 49874 „ПРОГРАМ ЗА ДЕТЕКЦИЈУ ЕМОЦИЈА У ЉУДСКОМ ГОВОРУ“.</span></p><p><span style=\"color: black;\">ОД 2011. ГОДИНЕ СТАЛНО ЈЕ ЗАПОСЛЕН НА ВИСОКОЈ ШКОЛИ СТРУКОВНИХ СТУДИЈА ИЗ ЧАЧКА ГДЕ ЈЕ ИЗАБРАН У ЗВАЊЕ ПРЕДАВАЧА ИЗ ОБЛАСТИ МЕНАЏМЕНТА И ЕКОНОМИЈЕ.</span></p><p><br></p>', 1, NULL, NULL, 43, NULL, NULL),
(19, 'Наташа', 'Марјановић', 'др', 'Професор струковних студија', 'natasa.marjanovic@vpscacak.edu.rs', '168', '1715168693321_1826585836.jpg', 'srb', '<p>ДР НАТАША МАРЈАНОВИЋ ЈЕ ЗАПОСЛЕНА НА ВИСОКОЈ ПОСЛОВНОЈ ШКОЛИ СТРУКОВНИХ СТУДИЈА „ЧАЧАК“ ОД 2015. ГОДИНЕ КАО ПРЕДАВАЧ, А ПОТОМ И КАО ПРОФЕСОР СТРУКОВНИХ СТУДИЈА, ЗА УЖЕ НАУЧНЕ ОБЛАСТИ ЕКОНОМИЈА И ФИНАНСИЈЕ И БАНКАРСТВО.</p><p>НАСТАВНУ АКТИВНОСТ ЗАПОЧЕЛА ЈЕ 2012. ГОДИНЕ НА УНИВЕРЗИТЕТУ ЗА ПОСЛОВНЕ СТУДИЈЕ БАЊА ЛУКА, КАО АСИСТЕНТ ЗА ГРУПУ ЕКОНОМСКИХ ПРЕДМЕТА, А 2017. ГОДИНЕ ЈЕ НА ИСТОМ УНИВЕРЗИТЕТУ ИЗАБРАНА У НАУЧНО-НАСТАВНО ЗВАЊЕ ДОЦЕНТА ЗА УЖЕ НАУЧНЕ ОБЛАСТИ „ТЕОРИЈСКА ЕКОНОМИЈА“ И „ПРЕДУЗЕТНИЧКА ЕКОНОМИЈА“.</p><p>ДОКТОРСКУ ДИСЕРТАЦИЈУ ПОД НАЗИВОМ „САВРЕМЕНИ ПРОБЛЕМИ МЕЂУНАРОДНОГ ФИНАНСИРАЊА ПРИВРЕДНОГ ОПОРАВКА И РАЗВОЈА ЗЕМАЉА У ТРАНЗИЦИЈИ“ ОДБРАНИЛА ЈЕ 28.12.2016. ГОДИНЕ НА ФАКУЛТЕТУ ЗА ПОСЛОВНЕ И ФИНАНСИЈСКЕ СТУДИЈЕ И СТЕКЛА ЈЕ НАУЧНО ЗВАЊЕ ДОКТОР ЕКОНОМСКИХ НАУКА.</p><p>ДР НАТАША МАРЈАНОВИЋ ЈЕ АКТИВАН УЧЕСНИК БРОЈНИХ МЕЂУНАРОДНИХ И НАЦИОНАЛНИХ НАУЧНИХ СКУПОВА И КОНФЕРЕНЦИЈА. АУТОР ЈЕ НЕКОЛИКО НАУЧНИХ РАДОВА, ОБЈАВЉЕНИХ У ДОМАЋИМ И ИНОСТРАНИМ НАУЧНИМ ЧАСОПИСИМА И ЗБОРНИЦИМА СА МЕЂУНАРОДНИХ НАУЧНИХ СКУПОВА. КОАУТОР ЈЕ ДВА УНИВЕРЗИТЕТСКА УЏБЕНИКА.</p><p><br></p>', 1, NULL, NULL, 44, NULL, NULL),
(20, 'Драган', 'Милачић', 'др', 'Професор струковних студија', 'dragan.milacic@vpscacak.edu.rs', '169', '1715169051557_912451987.jpg', 'srb', '<p>1.ОПШТИ ПОДАЦИ:</p><p>• ДАТУМ И МЕСТО РОЂЕЊА: 11.04.1965. ПЕЋ.</p><p>• ДРЖАВЉАНСТВО: РЕПУБЛИКE СРБИЈЕ.</p><p>2. СТЕПЕН ОБРАЗОВАЊА И ЗВАЊА:</p><p>• ДОКТОРАТ: ДОКТОР ЕКОНОМСКИХ НАУКА, ДОКТОРИРАО 12.04.2007. НА ФАКУЛТЕТУ ЗА ТРГОВИНУ И БАНКАРСТВО „ЈАНИЋИЈЕ И ДАНИЦА КАРИЋ“ У БЕОГРАДУ. ДОКТОРСКУ ДИСЕРТАЦИЈУ ПОД НАЗИВОМ „СТРАТЕГИЈА РАЗВОЈА УРБАНОГ ТУРИЗМА У СРБИЈИ“ ОДБРАНИО ПРЕД КОМИСИЈОМ У САСТАВУ: МЕНТОР, ПРОФ. ДР ЖИВОТА РАДОСАВЉЕВИЋ, ЧЛАНОВИ, ПРОФ. ДР БОЖИДАР МИЛЕНОВИЋ И ПРОФ. ДР СНЕЖАНА ШТЕТИЋ.</p><p>• ПОСЛЕДИПЛОМСКЕ СТУДИЈЕ: МАГИСТАР НАУКА О МЕНАЏМЕНТУ, ПОСЛЕДИПЛОМСКЕ СТУДИЈЕ УПИСАО 1997. ГОДИНЕ НА ФАКУЛТЕТУ ЗА МЕНАЏМЕНТ „БРАЋА КАРИЋ“, СМЕР: САОБРАЋАЈ И ВЕЗЕ, ГДЕ ЈЕ И ОДБРАНИО МАГИСТАРСКУ ТЕЗУ У ЈУНУ 2000. ГОДИНЕ ПОД НАЗИВОМ „ УПРАВЉАЊЕ ВЛАСНИЧКО – ОРГАНИЗАЦИОНИМ АСПЕКТИМА ТРАНСФОРМАЦИЈЕ ХОТЕЛСКЕ ИНДУСТРИЈЕ У ЈУГОСЛАВИЈИ ПРЕД КОМИСИЈОМ: МЕНТОР ПРОФ. ДР ЖИВОТА РАДОСАВЉЕВИЋ, ЧЛАНОВИ ПРОФ. ДР ГОРДАНА АЈДУКОВИЋ И ПРОФ. ДР МИЉАН СВОРЦАН.</p><p>• ОСНОВНЕ СТУДИЈЕ: ДИПЛОМИРАНИ ТУРИЗМОЛОГ ПРИРОДНО – МАТЕМАТИЧКИ ФАКУЛТЕТ УНИВЕРЗИТЕТА У БЕОГРАДУ, ОДСЕК ЗА ТУРИЗМОЛОШКЕ НАУКЕ, НА КОЈЕМ ЈЕ ДИПЛОМИРАО 1989. ГОДИНЕ.</p><p>3. ДОСАДАШЊА РАДНА МЕСТА:</p><p>• ОД 2012. – ПРОФЕСОР СТРУКОВНИХ СТУДИЈА НА ВИСОКОЈ ПОСЛОВНОЈ ШКОЛИ СТРУКОВНИХ СТУДИЈА „ЧАЧАК“ У БЕОГРАДУ.</p><p>• 2011 – 2012. –ВАНРЕДНИ ПРОФЕСОР НА АЛФА УНИВЕРЗИТЕТУ, БЕОГРАД.</p><p>• 2007 -2011. –ДОЦЕНТ НА ФАКУЛТЕТУ ЗА ТРГОВИНУ И БАНКАРСТВО „ЈАНИЋИЈЕ И ДАНИЦА КАРИЋ“ У БЕОГРАДУ.</p><p>• 2000. – 2007. –АСИСТЕНТ НА ФАКУЛТЕТУ ЗА ТРГОВИНУ И БАНКАРСТВО „ЈАНИЋИЈЕ И ДАНИЦА КАРИЋ“ У БЕОГРАДУ.</p><p>• 1995. – 2000. –САРАДНИК У НАСТАВИ НА АКАДЕМИЈИ ЗА ТРГОВИНУ И БАНКАРСТВО „ЈАНИЋИЈЕ И ДАНИЦА КАРИЋ“ ПЕЋ – БЕОГРАД.</p><p>• 1990. – 1995. –ПРОФЕСОР СТРУЧНИХ ПРЕДМЕТА У СРЕДЊОЈ ЕКОНОМСКОЈ ШКОЛИ У ПЕЋИ.</p><p><br></p>', 1, NULL, NULL, 45, NULL, NULL),
(22, 'Јасмина', 'Радоњић', '', 'Наставник страног језика', 'jasmina.radonjic@vpscacak.edu.rs', '59', '1715169700741_1650314892.jpg', 'srb', '<p>ЈАСМИНА РАДОЊИЋ, ПРОФЕСОР ЕНГЛЕСКОГ ЈЕЗИКА.</p><p>ЈАСМИНА РАДОЊИЋ РОЂЕНА ЈЕ 19.6.1986. У ЧАЧКУ. ПОСЛЕ ЗАВРШЕНЕ ГИМНАЗИЈЕ У ЧАЧКУ, ЗАВРШИЛА ЈЕ ФИЛОЛОШКИ ФАКУЛТЕТ УНИВЕРЗИТЕТА У БЕОГРАДУ, ОДСЕК ЕНГЛЕСКИ ЈЕЗИК И КЊИЖЕВНОСТ.</p><p>ЗАПОСЛЕНА ЈЕ НА ВИСОКОЈ ПОСЛОВНОЈ ШКОЛИ СТРУКОВНИХ СТУДИЈА У БЕОГРАДУ ОД 2012. ГОДИНЕ КАО НАСТАВНИК СТРАНОГ ЈЕЗИКА – ПОСЛОВНИ ЕНГЛЕСКИ ЈЕЗИК И ЕНГЛЕСКИ ЗА ЕКОНОМИШТЕ.</p><p>УСАВРШАВАЛА СЕ НА МНОГОБРОЈНИМ КУРСЕВИМА У ЗЕМЉИ И ИНОСТТРАНСТВУ.</p><p><br></p>', 1, NULL, '', 46, NULL, NULL),
(23, 'Соња', 'Жарковић', 'мр', 'Предавач', 'sonja.zarkovic@vpscacak.edu.rs', NULL, '1715597677769_2051811753.jpg', 'srb', '<p>МР СОЊА ЖАРКОВИЋ ЈЕ РОЂЕНА 1978.ГОДИНЕ И ЖИВИ У БЕОГРАДУ. МАГИСТРИРАЛА ЈЕ 2010.ГОДИНЕ НА ФАКУЛТЕТУ ЗА ТРГОВИНУ И БАНКАРСТВО У БЕОГРАДУ, ОБЛАСТ РАЧУНОВОДСТВО И РЕВИЗИЈА. ОД 2002-2015.ГОД.РАДИЛА ЈЕ КАО АСИСТЕНТ НА НАВЕДЕНОМ ФАКУЛТЕТУ. ОД 2016. ГОДИНЕ РАДИ КАО ПРЕДАВАЧ НА ВИСОКОЈ ПОСЛОВНОЈ ШКОЛИ СТРУКОВНИХ СТУДИЈА У ЗЕМУНУ, НА РАЧУНОВОДСТВЕНИМ ПРЕДМЕТИМА. АУТОР ЈЕ НЕКОЛИКО РАДОВА ИЗ ОБЛАСТИ РАЧУНОВОДСТВА И РЕВИЗИЈЕ.</p>', 1, NULL, NULL, 47, NULL, NULL),
(24, 'Благоје ', 'Пушоња', 'др', 'Професор струковних студија', 'blagoje.pusonja@vpscacak.edu.rs', '170', '1715170313657_853178646.png', 'srb', '<p>БЛАГОЈЕ ПУШОЊА ЈЕ РОЂЕН 25. МАЈА 1967. ГОДИНЕ У СЕЛУ ВИШЊЕВА, ОПШТИНА СЈЕНИЦА. ОСНОВНУ ШКОЛУ \"29. НОВЕМБАР\" ЗАВРШИО ЈЕ У БАРАМА, ОПШТИНА СЈЕНИЦА. СРЕДЊУ ЕКОНОМСКУ ШКОЛУ (ПРАВНО-БИРОТЕХНИЧКИ СМЕР) ЗАВРШИО ЈЕ У КРАГУЈЕВЦУ 1986. ГОДИНЕ. ПРАВНИ ФАКУЛТЕТ УНИВЕРЗИТЕТА У КРАГУЈЕВЦУ, УПИСАО ЈЕ ШКОЛСКЕ 1986/87. ГОДИНЕ, А ДИПЛОМИРАО 1992. ГОДИНЕ, СА ПРОСЕЧНОМ ОЦЕНОМ 8,39.</p><p>КАО СТУДЕНТ-АПСОЛВЕНТ, КАНДИДАТ БЛАГОЈЕ ПУШОЊА, ЗАПОСЛИО СЕ 1992. ГОДИНЕ У КОМАНДИ КРАГУЈЕВАЧКОГ КОРПУСА ВОЈСКЕ ЈУГОСЛАВИЈЕ, ГДЕ ЈЕ РАДИО ДО 1995. ГОДИНЕ. ОД 15. МАЈА 1995. ГОДИНЕ, РАДИО ЈЕ У ОПШТИНСКОМ СУДУ У СЈЕНИЦИ КАО СУДИЈСКИ ПРИПРАВНИК ДО 10. АВГУСТА 1996. ГОДИНЕ, КАДА ЈЕ ЗАСНОВАО РАДНИ ОДНОС НА НЕОДРЕЂЕНО ВРЕМЕ У МИНИСТАРСТВУ УНУТРАШЊИХ ПОСЛОВА РЕПУБЛИКЕ СРБИЈЕ, СЕКРЕТАРИЈАТ УНУТРАШЊИХ ПОСЛОВА У НОВОМ ПАЗАРУ, ОДЕЉЕЊЕ ПОЛИЦИЈЕ У СЈЕНИЦИ, НА РАДНОМ МЕСТУ ШЕФА ОДСЕКА ЗА СТРАНЦЕ И ПУТНЕ ИСПРАВЕ. ОД 2004. ГОДИНЕ, ПА СВЕ ДО ДАНАС, КАНДИДАТ РАДИ У ПОЛИЦИЈСКОЈ УПРАВИ У КРАГУЈЕВЦУ, У ОДСЕКУ ЗА СУЗБИЈАЊЕ КРИМИНАЛИТЕТА У ПРИВРЕДИ.</p><p>БЛАГОЈЕ ПУШОЊА ЈЕ ДОКТОРСКЕ АКАДЕМСКЕ СТУДИЈЕ УПИСАО ШКОЛСКЕ 2009/10 ГОДИНЕ, НА ПРАВНОМ ФАКУЛТЕТУ УНИВЕРЗИТЕТА У КРАГУЈЕВЦУ. </p><p>ДОКТОРСКУ ДИСЕРТАЦИЈУ ПОД НАЗИВОМ \"ИДЕЈНИ И ПРАВНИ ОКВИР ЗАШТИТЕ РАВНОПРАВНОСТИ ПОЛОВА У УСТАВНОМ ПОРЕТКУ РЕПУБЛИКЕ СРБИЈЕ\", ОДБРАНИО ЈЕ 2014 ГОДИНЕ, УЖА НАУЧНА ОБЛАСТ „ЈАВНО ПРАВО“ (УСТАВНО ПРАВО; РАДНО ПРАВО; УПРАВНО ПРАВО; УВОД У ПРАВО; ПОРОДИЧНО ПРАВО; СОЦИОЛОГИЈА ПРАВА, ОПШТА СОЦИОЛОГИЈА И ДРУГИ СРОДНИ ПРЕДМЕТИ ИЗ НАВЕДЕНЕ НАУЧНЕ ОБЛАСТИ).  </p><p>ПО НАЦИОНАЛНОСТИ СРБИН, ДРЖАВЉАНИН СРБИЈЕ, СА СТАНОМ У КРАГУЈЕВЦУ, УЛИЦА ВЛАДИМИРА РОЛОВИЋ, 7/37.</p><p>РЕГИСТРОВАН У ОРЦИД БАЗИ ИСТРАЖИВАЧА, ПОСЕДУЈЕ ОРЦИД БРОЈ 0000-0001-7696-1113, E-MAIL: BLAGOJEPUSONJA967@GMAIL.COM,  МОБИЛНИ ТЕЛЕФОН 063/619303.</p><p><br></p><p>ДО САДА ЈЕ УЧЕСТВОВАО НА ВЕЛИКОМ БРОЈУ НАУЧНИХ СКУПОВА, ТРИБИНА, ДИСКУСИЈА И СЛИЧНО.</p><p><br></p>', 1, NULL, NULL, 48, NULL, NULL),
(25, 'Иван', 'Ивановић', 'др', 'Професор струковних студија', 'ivan.ivanovic@vpscacak.edu.rs', '171', '1715173366135_976672252.jpg', 'srb', '<p>ДОКТОРСКУ ДИСЕРТАЦИЈУ ПОД НАСЛОВОМ „ЕКОНОМСКИ АСПЕКТИ ИЗГРАДЊЕ ОБНОВЉИВИХ ИЗВОРА ЕНЕРГИЈЕ У ФУНКЦИЈИ ПОВЕЋАЊА КОНКУРЕНТНОСТИ ПРИВРЕДЕ У СРБИЈИ“ ОДБРАНИО ЈЕ 8.3.2013. НА ФАКУЛТЕТУ ЗА МЕНАЏМЕНТ МАЛИХ И СРЕДЊИХ ПРЕДУЗЕЋА У БЕОГРАДУ. ОБЛАСТ: МЕНАЏМЕНТ И БИЗНИС. КОМИСИЈА У САСТАВУ: ПРОФ. ДР БОЖИДАР МИХАЈЛОВИЋ (МЕНТОР), ПРОФ. ДР ДРАГАНА ГЊАТОВИЋ, ПРОФ. ДР ДРАГАН КОСТИЋ.</p><p>2008.ГОДИНЕ УПИСАО ЈЕ ДИПЛОМСКЕ АКАДЕМСКЕ (МАСТЕР) СТУДИЈЕ НА ФАКУЛТЕТУ ЗА ПОСЛОВНЕ СТУДИЈЕ МЕГАТРЕНД УНИВЕРЗИТЕТА У БЕОГРАДУ, СМЕР МЕНАЏМЕНТ И БИНИС. У ТОКУ СТУДИЈА ОСТВАРИЛА ЈЕ ВИСОКЕ РЕЗУЛТАТЕ СА ПРОСЕЧНОМ ОЦЕНОМ 9,25.</p><p>МАСТЕР РАД ПОД НАСЛОВОМ „ЛИДЕРСТВО У САВРЕМЕНИМ КОМПАНИЈАМА СРБИЈЕ СА ОСВРТОМ НА БРАНИЧЕВСКОМ ОКРУГУ” УСПЕШНО ЈЕ ОДБРАНИО НОВЕМБРА 2009. ГОДИНЕ. СМЕР: МЕНАЏМЕНТ И БИЗНИС. КОМИСИЈА У САСТАВУ: ПРОФ.ДР МОМЧИЛО ЖИВКОВИЋ (МЕНТОР) ПРОФ.ДР ДРАГАН КОСТИЋ, ПРОФ ДР ТАТЈАНА ЦВЕТКОВСКИ.</p><p>ДИПЛОМИРАО НА ФАКУЛТЕТУ ЗА ПОСЛОВНЕ СТУДИЈЕ МЕГАТРЕНД УНИВЕРЗИТЕТА У БЕОГРАДУ 2007. ГОДИНЕ.</p><p>ДИПЛОМИРАО НА ВИШОЈ ШКОЛИ ЗА МЕНАЏМЕНТ МЕГАТРЕНД УНИВЕРЗИТЕТА У ЗАЈЕЧАРУ 2005. ГОДИНЕ.</p><p>ГИМНАЗИЈУ У ПОЖАРЕВЦУ, ПРИРОДНО-МАТЕМАТИЧКИ СМЕР, ЗАВРШИО ЈЕ 1994. ГОДИНЕ.</p><p>ОСНОВНУ ШКОЛУ ВЕЉКО ДУГОШЕВИЋ ЗАВРШИО ЈЕ У ПОЖАРЕВЦУ 1990. ГОДИНЕ (ВУКОВА ДИПЛОМА).</p><p><br></p><p>РАДНО ИСКУСТВО:</p><p>ОД ЈУНА 2008. ГОДИНЕ ЈЕ У СТАЛНОМ РАДНОМ ОДНОСУ НА ФАКУЛТЕТУ ЗА ПОСЛОВНЕ СТУДИЈЕ МЕГАТРЕНД УНИВЕРЗИТЕТА У БЕОГРАДУ.</p><p>ОД ЈАНУАРА 2014. РАДИ КАО ДОЦЕНТ НА ПРЕМЕТИМА: МЕНАЏМЕНТ ЉУДСКИХ РЕСУРСА, ПОСЛОВНА КОМУНИКАЦИЈА, ОРГАНИЗАЦИОНО ПОНАСАЊЕ, ИНТЕРКУЛТУРНИ МЕНАЏМЕНТ И УПРАВЉАЊЕ ПРОЈЕКТИМА.</p><p>ОД ЈАНУАРА 2010. РАДИО НА МЕСТУ АСИСТЕНТА НА ПРЕДМЕТИМА: ТРЖИШНА ЕКОНОМИЈА, МОНЕТАРНЕ И ЈАВНЕ ФИНАНСИЈЕ, ПОСЛОВНА КОМУНИКАЦИЈА, МЕЂУНАРОДНИ ЕКОНОМСКИ ОДНОСИ, ОРГАНИЗАЦИОНО ПОНАШАЊЕ, МЕЂУНАРОДНО БАНКАРСТВО, БАНКАРСКО И БЕРЗАНСКО ПОСЛОВАЊЕ НА ОСНОВНИМ И МАСТЕР СТУДИЈАМА.</p><p>РАДИО КАО МЕНАЏЕР ПРОДАЈЕ, ОРГАНИЗАЦИЈЕ И КОМУНИКАЦИЈЕ У КОМПАНИЈАМА: \"DMA COMPUTERS\", \" WIENER-GRAWE \", \" STRATEGIC MARKETING \".</p><p><br></p>', 1, NULL, NULL, 49, NULL, NULL),
(26, 'Радица ', 'Павловић', 'др', 'Професор струковних студија', 'radica.pavlovic@vpscacak.edu.rs', '172', '1715246644498_1066690555.jpg', 'srb', '<p class=\"ql-align-center\">др Радица Ж. Павловић</p><p class=\"ql-align-justify\">	Радица Павловић рођена je 13.08.1980. године у Петровцу на Млави. Основну и средњу школу завршила је у Пожаревцу са одличним успехом. Економски факултет у Нишу завршила је 2004. године одбраном дипломског рада: <em><u>Ортодоксни стабилизациони програми</u></em> и стекла звање дипломирани економиста, а 2009. године завршила је мастер академске студије на Факултету за пословне студије (ФПС), Мегатренд универзитета у Београду одбраном мастер рада: <em><u>Анализа повезаности новчаних токова и резултата пословања</u></em><u> и стекла</u> звање: дипломирани економиста – мастер. Докторске студије завршила 2013. године на Универзитету Привредна академија, Нови Сад, Факултет за менаџмент малих и средњих предузећа, Београд, одбраном докторске дисертације под називом: <em><u>Динамички аспект финансијске анализе на бази токова готовине са посебним освртом на значај њене примене у Републици Србији</u> </em>&nbsp;&nbsp;и стекла звање: доктор наука.</p><p class=\"ql-align-justify\">Своју академску каријеру започела је на&nbsp;на Мегатренд унверзитеу као сарадник у настави, да би 2013. године била изабрана у звање доцента за ужу научну област Економија на Факултету за пословне студије Пожаревац (где је држала предмете: Рачуноводство са ревизијом, Анализа пословања, Инструменти платног промета, Финансијски менаџмент на основним академским студијама и Међународно пословно финансирање на мастер академмским студијама). Од 2014. године запослена је као доцент на Факултету за менаџмет у Зајечару а 2018. године изабрана у звање <u>ванредног професора</u> за ужу област: Економске науке, а за уже научне области: Финансије, банкарство и берзе и Анализа пословања и рачуноводство, где је поред наведених предмета држала и предмете: Корпоративне финансије, Финансирање инвестиција, на основним академским студијама, и, Планирање и анализа трошкова, на мастер академским студијама. Од децембра месеца 2019. године ради на Правном факултету, Мегатренд универзитета у Београду, а од 30.11.2020. године изабрана је за ванредног професора за уже научне области: Трговинскоправна и Правноекономска, где је држала предмете: Економска политика, Јавне финансије и финансијско право, а 2022. године за <u>редовног професора</u> за <strong>научну област</strong>: Економија и где је успешно изводила наставу наведених области. Поред тога била је ментор&nbsp;за израду већег броја завршних радова као и члан комисије истих на основним, мастер и докторским студијама. Од априла месеца 2024.године запослена је као професор на Високој пословној школи струковних студија „Чачак“ у Београду на предметима из области економских наука. </p><p class=\"ql-align-justify\">Била је: Члан Савета Факултета за менаџмент у Зајечару, од 30.10.2014-201., Помоћник руководиоца за наставу на Факултету за менаџмент Зајечар- ВШЈ Пожаревац – од октобра 2014- 03.12.2019., предсдник бројних комисија на факултету, рецезент часописа: Megabiznis, Мегатренд ревија, Зборник радова Географског института „Јован Цвијић” САНУ, Београд., Зборник радова Матице српске за друштвене науке, Нови Сад, Продекан за студије другог и трећег степена и научно-истраживачки рад-од маја 2021-2024., Руководилац научно истраживачкг пројеката Правног факултета Мегатренд универзитета: Будућност пословања у Србији (01.10.2020-30.09.2023)...</p><p class=\"ql-align-justify\">&nbsp;&nbsp;&nbsp;&nbsp;&nbsp;&nbsp;&nbsp;&nbsp;&nbsp;&nbsp;&nbsp;Током образовне, научне и стручне каријере постигла је више значајнијих резултата, и то: током 1999. и 2000. године учествовала је на републичким смотрама научно-истраживачких радова талената из природних, техничких, друштвених и хуманитарних наука, где је освојила прво место и златну медаљу, као и дипломе за постигнуте резултате из области социологије, од стране <u>Министарства просвете, Министарства за науку и технологију, Српске академије наука и уметности и Републичког центра за таленте из природних и техничких наука;</u> објавила је преко 90 научних и стручних радова како на домаћим и међународним научним конференцијама, тако и у домаћим и иностраним научним часописима, монографские студије, из области економије, финансија и анализе, менаџмента.</p><p><br></p>', 1, NULL, NULL, 50, NULL, NULL),
(27, 'Марија', 'Бешлин-Ферух', 'мр', 'Предавач', 'marija.beslin@vpscacak.edu.rs', '173', '1715246938662_457189832.jpg', 'srb', '<p class=\"ql-align-justify\">Мр Марија Бешлин Ферух дипломирала је и магистрирала на Економском факултету Универзитета у Београду, на смеру Маркетинг. Докторска дисертација на тему “Модалитети комуницирања у концепту директног маркетинга са посебним освртом на банкарски сектор у Србији” прихаћена је на Сенату Алфа БК универзитета. </p><p class=\"ql-align-justify\"><br></p><p class=\"ql-align-justify\">Завршила је семинар у оквиру тренинг програма Пакта за стабилност Југоисточне Европе \"Предузетништво и подстицање развоја малих и средњих предузећа\" на Институту Економских Наука у Београду чиме је стекла сертификат тренера у области подстицања малог бизниса. Учествовала је на пројекту “Effect of Consumer Ethnocentism on Evaluation of Foreign vs. Domestic Brands: A study of Consumer Behavior in Southeast Europe” на Институту Економских Наука у Београду.  Радила је као менаџер за комуникације у маркетиншкој агенцији IntermaNet-Belgrade, Strategy & Marketing Auditing Group од 2006 - 2009. године.</p><p class=\"ql-align-justify\"><br></p><p class=\"ql-align-justify\">Радила је на Факултету за менаџмент, Универзитета \"Браћа Карић\" од 1996-2010. године као асистент на предметима: Међународни маркетинг, Маркетинг менаџмент, Менаџмент малих и средњих предузећа, Маркетинг истраживање, Понашање потрошача. На Факултету за економију и политичке науке Алфа БК Универзитета од 2010-2016. године радила је као асистент на предметима: Принципи маркетинга, Међународни менаџмент, Основи комуникације, Истраживање тржишта.</p><p class=\"ql-align-justify\"><br></p><p class=\"ql-align-justify\">Од 2016. године ради у Високој пословној школи струковних студија “Чачак“. Ангажована је као предавач на предметима: Принципи маркетинга, Понашање потрошача, Маркетинг у трговини. Од 2016-2021. године била је ангажована као предавач на специјалистичким студијама на предмету Маркетинг менаџмент. </p><p class=\"ql-align-justify\"><br></p><p class=\"ql-align-justify\">Објавила је више научних и стручних радова из области маркетинга и менаџмента.</p><p><br></p>', 1, NULL, NULL, 51, NULL, NULL),
(28, 'Срђан', 'Миленковић', 'др', 'Професор струковних студија', 'srdjan.milenkovic@vpscacak.edu.rs', '174', '1715248133204_1252579628.jpg', 'srb', '<p>ДР СРЂАН МИЛЕНКОВИЋ МАГИСТАРСКУ ТЕЗУ ПОД НАЗИВОМ „МОГУЋНОСТ ПРОЈЕКТОВАЊА ОРГАНИЗАЦИОНОГ МОДЕЛА ОПЕРАТИВНОГ НИВОА ВОЈСКЕ СРБИЈЕ“ ОДБРАНИО ЈЕ НА ВОЈНОЈ АКАДЕМИЈИ, А ДОКТОРСКУ ДИСЕРТАЦИЈУ ПОД НАЗИВОМ „ЕКОНОМИЈА ХУМАНОГ КАПИТАЛА И ЕДУКАТИВНИ МЕНАЏМЕНТ“ ОДБРАНИО ЈЕ НА УНИВЕРЗИТЕТУ ЗА ПОСЛОВНЕ СТУДИЈЕ У БАЊА ЛУЦИ. </p><p>У ЗВАЊЕ ДОЦЕНТА ЗА УЖЕ НАУЧНЕ ОБЛАСТИ МЕНАЏМЕНТ И ПРЕДУЗЕТНИЧКА ЕКОНОМИЈА ИЗАБРАН НА УНИВЕРЗИТЕТУ ЗА ПОСЛОВНЕ СТУДИЈЕ У БАЊА ЛУЦИ 2014. ГОДИНЕ, А У ЗВАЊЕ ПРОФЕСОРА СТРУКОВНИХ СТУДИЈА ЗА УЖЕ НАУЧНЕ ОБЛАСТИ МЕНАЏМЕНТ И МАРКЕТИНГ У ВИСОКОЈ ШКОЛИ СТРУКОВНИХ СТУДИЈА „ЧАЧАК“ 2017. ГОДИНЕ.</p><p><br></p>', 1, NULL, NULL, 52, NULL, NULL),
(29, 'Милан', 'Шошкић', 'мр', 'Предавач', 'milan.soskic@vpscacak.edu.rs', NULL, '1715248513747_242126388.jpg', 'srb', '<p>ШОШКИЋ МР МИЛАН</p><p>ДИПЛОМА – ЕКОНМОСКИ ФАКУЛТЕТ, УНИВЕРЗИТЕТ У ПРИШТИНИ.</p><p>МАГИСТРАТУРА – ЕКОНОМСКИ ФАКУЛТЕТ, УНИВЕРЗИТЕТ У ПРИШТИНИ СА СЕДИШТЕМ У К. МИТРОВИЦИ.</p><p>АУТОР ВИШЕ НАУЧНИХ РАДОВА, У ТОКУ ИЗРАДА ДОКТОРСКЕ ДИСЕРТАЦИЈЕ НА ФАКУЛТЕТУ БЕОГРАДСКА БАНКАРСКА АКАДЕМИЈА.</p><p><br></p>', 1, NULL, NULL, 53, NULL, NULL),
(30, 'Горан', 'Славковић', 'др', 'Професор струковних студија', 'goran.slavkovic@vpscacak.edu.rs', '175', '1715248652917_439433344.jpg', 'srb', '<p>РОЂЕН У БЕОГРАДУ, СРБИЈА, 1967. ГОДИНЕ. ЗАВРШИО МАШИНСКИ  ФАКУЛТЕТ УНИВЕРЗИТЕТА У БЕОГРАДУ, КАТЕДРА ЗА ПРОИЗВОДНО МАШИНСТВО, 1993. ГОДИНЕ И ЕЛЕКТРОТЕХНИЧКИ ФАКУЛТЕТ УНИВЕРЗИТЕТА У БЕОГРАДУ, КАТЕДРА ЗА РАЧУНАРСКУ ТЕХНИКУ И ИНФОРМАТИКУ, 2004. ГОДИНЕ. МАГИСТРИРАО ЈЕ НА МАШИНСКОМ  ФАКУЛТЕТУ УНИВЕРЗИТАТА У БЕОГРАДУ 2001. ГОДИНЕ (КАТЕДРА ЗА ПРОИЗВОДНО МАШИНСТВО, СМЕР ФЛЕКСИБИЛНЕ ПРОИЗВОДНЕ ТЕХНОЛОГИЈЕ И РОБОТИКА). ДОКТОРИРАО ЈЕ 2011. ГОДИНЕ ОДБРАНОМ ДОКТОРСКЕ ДИСЕРТАЦИЈЕ НА МАШИНСКОМ ФАКУЛТЕТУ УНИВЕРЗИТЕТА У БЕОГРАДУ.</p><p>ТОКОМ СВОЈЕ КАРИЈЕРЕ РАДИО ЈЕ НА МАШИНСКОМ ФАКУЛТЕТУ УНИВЕРЗИТЕТА У БЕОГРАДУ, НА КАТЕДРИ ЗА ПРОИЗВОДНО МАШИНСКТВО, ОД 1993. ГОДИНЕ. ОД 2006. ДО 2008. ГОДИНЕ ЈЕ БИО НА СТРУЧНОМ УСАВРШАВАЊУ У ЈАПАНУ (НАГОYА УНИВЕРСИТY, ГРАДУАТЕ СЦХООЛ ОФ ИНФОРМАТИОН СЦИЕНЦЕ, ДЕПАРТМЕНТ ОФ ЦОМПЛЕЏ СYСТЕМС) РАДИ ИЗРАДЕ ДОКТОРСКЕ ТЕЗЕ, ГДЕ ЈЕ УЧЕСТВОВАО У НАУЧНО-ИСТРАЖИВАЧКИМ И НАСТАВНИМ АКТИВНОСТИМА. У ПЕРИОДУ ОД 2013. ДО 2014. ГОДИНЕ ПОЗВАН ЈЕ У МЕКСИКО КАО ГОСТУЈУЋИ ПРОФЕСОР НА ИНСТИТУТО ТЕЦНОЛОГИЦО ДЕ МОНТЕРРЕY, МЕЏИЦО ЦИТY, ГДЕ ЈЕ У ДВА СЕМЕСТРА ШКОЛСКЕ 2013/2014. ГОДИНЕ ДРЖАО НАСТАВУ НА ВИШЕ ПРЕДМЕТА НА ДЕПАРТАМЕНТО МЕЦАТРОНИЦА И ДЕПАРТАМЕНТО ИНГЕНЕРИА ИНДУСТРИАЛ. КАО ДОЦЕНТ НА ФАКУЛТЕТУ ЗА КОМПЈУТЕРСКЕ НАУКЕ МЕГАТРЕНД УНИВЕРЗИТЕТА (ОБЛАСТ РАЧУНАРСТВО), ОД 2014. ГОДИНЕ, УЧЕСТВУЈЕ У НАСТАВНИМ АКТИВНОСТИМА (ФАКУЛТЕТ ЗА КОМПЈУТЕРСКЕ НАУКЕ, ПРАВНИ ФАКУЛТЕТ, ФАКУЛТЕТ ЗА КУЛТУРУ И МЕДИЈЕ, ФАКУЛТЕТ ЗА ЦИВИЛНО ВАЗДУХОПЛОВСТВО, ГЕОЕКОНОМСКИ ФАКУЛТЕТ, ФАКУЛТЕТ ЗА ПОСЛОВНЕ СТУДИЈЕ БЕОГРАД, ФАКУЛТЕТ ЗА ПОСЛОВНЕ СТУДИЈЕ ВРШАЦ, ФАКУЛТЕТ ЗА ЕКОНОМСКО ПОСЛОВАЊЕ ВАЉЕВО) И ДРЖИ НАСТАВУ И ИСПИТЕ НА ОСНОВНИМ И МАСТЕР АКАДЕМСКИМ СТУДИЈАМА. НА ФАКУЛТЕТУ ЗА ЦИВИЛНО ВАЗДУХОПЛОВСТВО ЈЕ БИО АНГАЖОВАН ОД 2017. ГОДИНЕ ДО 2022. ГОДИНЕ. НА ФАКУЛТЕТУ ЗА КОМПЈУТЕРСКЕ НАУКЕ МЕГАТРЕНД УНИВЕРЗИТЕТА ОБАВЉАО ФУНКЦИЈУ ПРОДЕКАНА ЗА НАСТАВУ НА ОСНОВНИМ АКАДЕМСКИМ СТУДИЈАМА, ОД 2017. ГОДИНЕ. ОД 2022. ГОДИНЕ ЗАСНИВА РАДНИ ОДНОС НА ВИСОКОЈ ПОСЛОВНОЈ ШКОЛИ СТРУКОВНИХ СТУДИЈА У БЕОГРАДУ, ГДЕ ЈЕ ИЗАБРАН КАО ПРОФЕСОР ЗА УЖЕ НАУЧНЕ ОБЛАСТИ ИНФОРМАТИКА И РАЧУНАРСКЕ ТЕХНОЛОГИЈЕ, И ДРЖИ НАСТАВУ НА ПРЕДМЕТИМА ПОСЛОВНА СТАТИСТИКА И КВАНТИТАТИВНЕ МЕТОДЕ. У ВИШЕ НАВРАТА БИО ЈЕ ЧЛАН КОМИСИЈЕ ЗА ОДБРАНУ ЗАВРШНИХ И ДИПЛОМСКИХ РАДОВА НА МАШИНСКОМ ФАКУЛТЕТУ УНИВЕРЗИТЕТА У БЕОГРАДУ. ТАКОЂЕ, НА МЕГАТРЕНД УНИВЕРЗИТЕТУ ЈЕ БИО ЧЛАН КОМИСИЈЕ И МЕНТОР ЗА ОДБРАНУ ЗАВРШНИХ, ДИПЛОМСКИХ И ДОКТОРСКИХ РАДОВА. ОБЈАВИО ЈЕ ПРЕКО 30 РАДОВА НАУЧНО-СТРУЧНОГ КАРАКТЕРА, И РАДИО НА НИЗ НАУЧНО-ИСТРАЖИВАЧКИХ ПРОЈЕКАТА. УЧЕСТВОВАО ЈЕ НА ОРГАНИЗАЦИЈИ И ОДРЖАВАЊУ ДОМАЋИХ И МЕЂУНАРОДНИХ КОНФЕРЕНЦИЈА У СВОЈСТВУ ЧЛАНА ОРГАНИЗАЦИОНОГ ОДБОРА, КАО И УРЕДНИКА ЗБОРНИКА РАДОВА.</p><p><br></p>', 1, NULL, NULL, 54, NULL, NULL),
(31, 'Саша', 'Стефановић', 'мр', 'Предавач', 'sasa.stefanovic@vpscacak.edu.rs', '176', '1715248825153_1667443123.jpg', 'srb', '<p>МР САША СТЕФАНОВИЋ, ПРЕДАВАЧ</p><p>ДИПЛОМИРАО ЈЕ НА ВОЈНОЈ АКАДЕМИЈИ. АКАДЕМСКИ НАЗИВ МАГИСТАР ЕКОНОМСКИХ НАУКА СТЕКАО ЈЕ НА ЕКОНОМСКОМ ФАКУЛТЕТУ УНИВЕРЗИТЕТА У БЕОГРАДУ.</p><p>КАО ДОБИТНИК СТИПЕНДИЈЕ ЕВРОПСКЕ КОМИСИЈЕ УСАВРШАВАО СЕ НА УНИВЕРЗИТЕТУ У НИЦИ-SOPHIA ANTIPOLIS У ФРАНЦУСКОЈ.</p><p>БИО ЈЕ ЗАПОСЛЕН МИНИСТАРСТВУ ОДБРАНЕ, ИНСТИТУТУ ЕКОНОМСКИХ НАУКА, БЕОГРАДСКОЈ БАНКАРСКОЈ АКАДЕМИЈИ (НЕПУНО РАДНО ВРЕМЕ), ПРЕДУЗЕЋУ GMS INTERNATIONAL Д.О.О И ИНСТИТУТУ ЗА НЕКРЕТНИНЕ Д.О.О. ИЗ БЕОГРАДА ЧИЈИ ЈЕ ОСНИВАЧ И ДИРЕКТОР. ОД 2016. ГОДИНЕ ЗАПОСЛЕН ЈЕ, КАО ПРЕДАВАЧ, У ВИСОКОЈ ПОСЛОВНОЈ ШКОЛИ СТРУКОВНИХ СТУДИЈА „ЧАЧАК“.</p><p>БИРАН ЈЕ У НАСТАВНА ЗВАЊА АСИСТЕНТ-ПРИПРАВНИК, АСИСТЕНТ И ПРЕДАВАЧ, КАО И ИСТРАЖИВАЧКА ЗВАЊА ИСТРАЖИВАЧ-ПРИПРАВНИК И ИСТРАЖИВАЧ-САРАДНИК.</p><p>КАО АСИСТЕНТ ИЛИ ПРЕДАВАЧ, У КОНТИНУИТЕТУ ЈЕ БИО АНГАЖОВАН У НАСТАВИ, (КАО ЗАПОСЛЕНИ СА ПУНИМ ИЛИ НЕПУНИМ РАДНИМ ВРЕМЕНОМ, ПО УГОВОРУ О ДЕЛУ ИЛИ КАО ГОСТУЈУЋИ НАСТАВНИК) У ВИШЕ НАСТАВНИХ ИНСТИТУЦИЈА, ИЗ ОБЛАСТИ ЕКОНОМИЈЕ, ФИНАНСИЈА, БАНКАРСТВА, ИНВЕСТИЦИЈА И МЕНАЏМЕНТА.</p><p>КАО ПРЕДАВАЧ У ВИСОКОЈ ПОСЛОВНОЈ ШКОЛИ СТРУКОВНИХ СТУДИЈА „ЧАЧАК“ РЕАЛИЗУЈЕ НАСТАВНЕ АКТИВНОСТИ ИЗ НАУЧНИХ ОБЛАСТИ ЕКОНОМИЈА И ФИНАНСИЈЕ И БАНКАРСТВО</p><p>АНГАЖОВАН ЈЕ НА ВЕЋЕМ БРОЈУ СЕМИНАРА И КУРСЕВА ЗА ПОТРЕБЕ МЕЂУНАРОДНИХ И ДОМАЋИХ ИНСТИТУЦИЈА. УЧЕСТВОВАО ЈЕ У РЕАЛИЗАЦИЈИ НАУЧНИХ ПРОЈЕКАТА ПОДРЖАНИХ И ФИНАНСИРАНИХ ОД СТРАНЕ МИНИСТАРСТВА ЗАДУЖЕНОГ ЗА ПОСЛОВЕ НАУКЕ И МЕЂУНАРОДНИХ ОРГАНИЗАЦИЈА И ВИШЕ ДЕСЕТИНА КОМЕРЦИЈАЛНИХ ПРОЈЕКАТА НАРУЧЕНИХ ОД СТРАНЕ МИНИСТАРСТАВА, СТРАНИХ ИЛИ ДОМАЋИХ КОМПАНИЈА.</p><p>ИМЕНОВАН ЈЕ ЗА СТАЛНОГ СУДСКОГ ВЕШТАКА ЕКОНОМСКО-ФИНАНСИЈСКЕ СТРУКЕ.</p><p>АУТОР ЈЕ ИЛИ КОАУТОР ТРИДЕСЕТАК НАУЧНИХ РАДОВА ОБЈАВЉЕНИХ У НАУЧНИМ ЧАСОПИСИМА И ЗБОРНИЦИМА СА НАУЧНИХ КОНФЕРЕНЦИЈА, ИЛИ, ПАК, ПРЕДСТАВЉАЈУ ПОГЛАВЉЕ У МОНОГРАФИЈИ МЕЂУНАРОДНОГ ИЛИ НАЦИОНАЛНОГ ЗНАЧАЈА ИЛИ НАУЧНУ МОНОГРАФИЈУ.</p><p>ГОВОРИ ЕНГЛЕСКИ ЈЕЗИК, А ПОЗНАЈЕ ОСНОВЕ РУСКОГ И ФРАНЦУСКОГ ЈЕЗИКА.</p><p><br></p>', 1, NULL, NULL, 55, NULL, NULL),
(32, 'Саво', 'Радоњић', 'др', 'Професор струковних студија', 'savo.radonjic@vpscacak.edu.rs', NULL, '1716983285863_814375018.jpg', 'srb', '<p>САВО РАДОЊИЋ РОЂЕН ЈЕ 20.09.1975. ГОДИНЕ У ПЕЋИ.</p><p>ОБРАЗОВАЊЕ:</p><p class=\"ql-align-justify\">МАСТЕР ПРАВНИК – ОБЛАСТ: ТЕОРИЈСКО ПРАВНА, МАСТЕР РАД: ЈЕЗИЧКО ТУМАЧЕЊЕ ПРАВА, ПРАВНИ ФАКУЛТЕТ УНИВЕРЗИТЕТА У КРАГУЈЕВЦУ, 05.02.2019.</p><p class=\"ql-align-justify\">ДИПЛОМИРАНИ ПРАВНИК – ОБЛАСТ: ОПШТЕ ПРАВО, ПРАВНИ ФАКУЛТЕТ ЗА ПРИВРЕДУ И ПРАВОСУЂЕ, УНИВЕРЗИТЕТ ПРИВРЕДНА АКАДЕМИЈА У НОВОМ САДУ, 16.06.2017.</p><p class=\"ql-align-justify\">ДОКТОР ЕКОНОМСКИХ НАУКА, ДОКТОРСКА ДИСЕРТАЦИЈА: \'\'ТРГОВИНСКЕ ДЕТЕРМИНАНТЕ ПРИДРУЖИВАЊА ЗЕМАЉА ЗАПАДНОГ БАЛКАНА ЕВРОПСКОЈ УНИЈИ – ПЕРСПЕКТИВА СРБИЈЕ\'\', УНИВЕРЗИТЕТ \'\'БРАЋА КАРИЋ\'\', ФАКУЛТЕТ ЗА ТРГОВИНУ И БАНКАРСТВО, 02.07.2008.</p><p class=\"ql-align-justify\">МАГИСТАР НАУКА О МЕНАЏМЕНТУ - ОБЛАСТ: МЕНАЏМЕНТ У ТРГОВИНИ, МАГИСТАРСКИ РАД: \'\'ТОКОВИ И МОДАЛИТЕТИ СПОЉНОТРГОВИНСКЕ РОБНЕ РАЗМЕНЕ СРБИЈЕ И ЦРНЕ ГОРЕ СА ЗЕМЉАМА ЈУГОИСТОЧНЕ ЕВРОПЕ\'\', УНИВЕРЗИТЕТ \'\'БРАЋА КАРИЋ\'\' ФАКУЛТЕТ ЗА ТРГОВИНУ И БАНКАРСТВО, 12. 12. 2005.</p><p class=\"ql-align-justify\">ДИПЛОМИРАНИ ЕКОНОМИСТА, ДИПЛОМСКИ РАД: \'\'МЕСТО И УЛОГА ПСИХОЛОГИЈЕ У ЕКОНОМСКОЈ ПРОПАГАНДИ\'\', УНИВЕРЗИТЕТ \'\'БРАЋА КАРИЋ\'\', ФАКУЛТЕТ ЗА ТРГОВИНУ И БАНКАРСТВО, 29. 12. 1997.</p><p>ГИМНАЗИЈА \'\'СВЕТИ САВА\'\', ПЕЋ, 06. 1993.</p><p>УСАВРШАВАЊА:</p><p>ПРАВОСУДНИ ИСПИТ, МИНИСТАРСТВО ПРАВДЕ РЕПУБЛИКЕ СРБИЈЕ  (08.07.2022.)</p><p class=\"ql-align-justify\">РЕЛЕВАНТНО РАДНО И РУКОВОДЕЋЕ ИСКУСТВО:</p><p class=\"ql-align-justify\">1.10.1999. ГОДИНЕ ЗАСНОВАО ЈЕ РАДНИ ОДНОС НА ФАКУЛТЕТУ ЗА ТРГОВИНУ И БАНКАРСТВО, УНИВЕРЗИТЕТ \'\'БРАЋА КАРИЋ\'\';</p><p class=\"ql-align-justify\">1.10.2010. ГОДИНЕ ЗАСНОВАО ЈЕ РАДНИ ОДНОС ЈЕ НА ВИСОКОЈ ПОСЛОВНОЈ ШКОЛИ СТРУКОВНИХ СТУДИЈА \'\'ЧАЧАК\'\', СА СЕДИШТЕМ НА АДРЕСИ ГРАДСКИ ПАРК 2 У БЕОГРАДУ;</p><p class=\"ql-align-justify\">У ТОКУ 2009. ГОДИНЕ ОБАВЉАО ЈЕ ДУЖНОСТ ПРОДЕКАНА ЗА НАСТАВУ И НАУЧНО-ИСТРАЖИВАЧКИ РАД НА ФАКУЛТЕТУ ЗА ТРГОВИНУ И БАНКАРСТВО УНИВЕРЗИТЕТА \'\'БРАЋА КАРИЋ\'\';</p><p class=\"ql-align-justify\">ОД 1.12.2011. ГОДИНЕ НАЛАЗИ СЕ НА ФУНКЦИЈИ ДИРЕКТОРА ВИСОКЕ ПОСЛОВНЕ ШКОЛЕ СТРУКОВНИХ СТУДИЈА \'\'ЧАЧАК\'\';</p><p class=\"ql-align-justify\">РУКОВОДИЛАЦ ПРОЈЕКТА: \'\'АНАЛИЗА ЕНЕРГЕТСКЕ ЕФИКАСНОСТИ ПРИВРЕДНИХ СУБЈЕКАТА СА ТЕРИТОРИЈЕ ГРАДА НОВОГ САДА\'\', ГРАДСКА УПРАВА ЗА ЗАШТИТУ ЖИВОТНЕ СРЕДИНЕ ГРАДА НОВОГ САДА, 2019. ГОДИНА;</p><p class=\"ql-align-justify\">РУКОВОДИЛАЦ ПРОЈЕКТА: \'\'АНАЛИЗА И ПОПИС ДИВЉИХ ДЕПОНИЈА НА ТЕРИТОРИЈИ ГРАДА НОВОГ САДА СА АНАЛИЗОМ ТРОШКОВА ЗА САНАЦИЈУ СА ПРЕДЛОГОМ МЕРА ЗА СМАЊЕЊЕ НАСТАЈАЊА ИСТИХ\'\', ГРАДСКА УПРАВА ЗА ЗАШТИТУ ЖИВОТНЕ СРЕДИНЕ ГРАДА НОВОГ САДА, 2020. ГОДИНА;</p><p class=\"ql-align-justify\">ЧЛАН СЕКТОРСКОГ ВЕЋА ЗА СЕКТОР ПОСЛОВНЕ АДМИНИСТРАЦИЈЕ ПРИ АГЕНЦИЈИ ЗА КВАЛИФИКАЦИЈЕ РЕПУБЛИКЕ СРБИЈЕ, ИМЕНОВАН ОДЛУКОМ ВЛАДЕ Р. СРБИЈЕ (СЛ. ГЛАСНИК РС 3/2024 ОД 12.1.2024).</p><p class=\"ql-align-justify\">ИЗБОРИ У ЗВАЊА:</p><p class=\"ql-align-justify\">1.10.1999. ГОДИНЕ ИЗАБРАН ЈЕ ЗА АСИСТЕНТА-ПРИПРАВНИКА ЗА УЖУ НАУЧНУ ОБЛАСТ \'\'ТРГОВИНА\'\', ФАКУЛТЕТ ЗА ТРГОВИНУ И БАНКАРСТВО, УНИВЕРЗИТЕТ \'\'БРАЋА КАРИЋ\'\';</p><p class=\"ql-align-justify\">20. 6. 2006. ГОДИНЕ ИЗАБРАН ЈЕ ЗА САРАДНИКА У ЗВАЊУ АСИСТЕНТА ЗА УЖУ НАУЧНУ ОБЛАСТ \'\'ТРГОВИНА\'\', ФАКУЛТЕТ ЗА ТРГОВИНУ И БАНКАРСТВО, УНИВЕРЗИТЕТ \'\'БРАЋА КАРИЋ\'\';</p><p class=\"ql-align-justify\">17. 9. 2008. ГОДИНЕ ИЗАБРАН ЈЕ У ЗВАЊЕ ДОЦЕНТА ЗА УЖУ НАУЧНУ ОБЛАСТ \'\'ТРГОВИНА\'\',ФАКУЛТЕТ ЗА ТРГОВИНУ И БАНКАРСТВО; УНИВЕРЗИТЕТ \'\'БРАЋА КАРИЋ\'\';</p><p class=\"ql-align-justify\">1.10.2010. ИЗАБРАН ЈЕ У У ЗВАЊЕ ПРОФЕСОРА СТРУКОВНИХ СТУДИЈА ЗА УЖЕ НАУЧНЕ/СТРУЧНЕ ОБЛАСТИ \'\'ОПШТА ЕКОНОМИЈА И ПРИВРЕДНИ РАЗВОЈ\'\' И \'\'МЕНАЏМЕНТ, МАРКЕТИНГ И САВРЕМЕНО ПРЕДУЗЕТНИШТВО\'\' НА ВИСОКОЈ ПОСЛОВНОЈ ШКОЛИ СТРУКОВНИХ СТУДИЈА \'\'ЧАЧАК\'\'.</p><p class=\"ql-align-justify\">ВОЛОНТЕРСКЕ АКТИВНОСТИ:</p><p class=\"ql-align-justify\">ПРЕДСЕДНИК УДРУЖЕЊА ГРАЂАНА: \'\'ЗАВИЧАЈНИ КЛУБ ПЕЋАНАЦА У БЕОГРАДУ\'\', 24.5.2016 – 9.12.2022. ГОДИНЕ;</p><p class=\"ql-align-justify\">ОД 16.1.2023. ГОДИНЕ САВЕТНИК ЈЕ ЗА ПРАВНА ПИТАЊА И ОДНОСЕ С ЈАВНОШЋУ СРПСКЕ ПРАВОСЛАВНЕ ЦРКВЕНЕ ОПШТИНЕ ПЕЋКЕ – ПЕЋ, У САСТАВУ ЕПАРХИЈЕ РАШКО-ПРИЗРЕНСКЕ.</p><p><br></p>', 1, NULL, NULL, 56, NULL, NULL),
(34, 'Стеван', 'Руљевић', '', 'Шеф техничке службе', 'stevan.ruljevic@vpscacak.edu.rs', NULL, NULL, 'srb', '', 1, NULL, NULL, 58, NULL, NULL),
(35, 'Дара', 'Нисић', '', 'Аналитичар финансијског пословања', 'dara.nisic@vpscacak.edu.rs', NULL, NULL, 'srb', '', 1, NULL, NULL, 58, NULL, NULL),
(36, 'Душица', 'Вујић', '', 'Пословни секретар', 'dusica.vujic@vpscacak.edu.rs', NULL, NULL, 'srb', '', 1, NULL, NULL, 58, NULL, NULL),
(37, 'Ђорђе', 'Јовичић', '', 'Администратор мрежа', 'djordje.jovicic@vpscacak.edu.rs', NULL, NULL, 'srb', '', 1, NULL, NULL, 58, NULL, NULL),
(38, 'Марко ', 'Брачика', '', 'Административни службеник', 'marko.bracika@vpscacak.edu.rs', NULL, NULL, 'srb', '', 1, NULL, NULL, 58, NULL, NULL),
(39, 'Тања', 'Гајић', '', 'Чистач просторија', 'tanja.gajic@vpscacak.edu.rs', NULL, NULL, 'srb', '', 1, NULL, NULL, 58, NULL, NULL),
(40, 'Виолета', 'Милошевић', '', 'Систем администратор', 'violeta.milosevic@vpscacak.edu.rs', NULL, NULL, 'srb', '', 1, NULL, NULL, 58, NULL, NULL),
(41, 'Бранислав', 'Оровић', '', 'Књижничар', 'branislav.orovic@vpscacak.edu.rs', NULL, '', 'srb', '', 1, NULL, NULL, 58, NULL, NULL),
(43, 'Катарина', 'Благојевић', '', 'Библиотекар', 'katarina.blagojevic@vpscacak.edu.rs', NULL, NULL, 'srb', '', 1, NULL, NULL, 58, NULL, NULL),
(45, 'Биљана', 'Кнежевић', 'др', 'Професор струковних студија', 'biljana.knezevic@vpscacak.edu.rs', NULL, '1716983178743_302375673.png', 'srb', '<p>Кнежевић др Биљана, рођена је 1. августа 1973. у Оџацима. Школовала се на Правном факултету у Новом Саду, Универзитету Ломоносов, као стипендиста Владе Руске Федерације и Правном факултету у Београду, на којем је докторирала на Катедри за теорију, социологију и филозофију права. Аутор је више занимљивих радова из ових области, од којих је најпознатија монографија “Наративна функција права”, у издању Правног факултета у Београду. Била је шеф Одељења за међународну сарадњу у Покрајинској влади и члан националних тимова за бројне међународне пројекте од државног значаја. Током академске каријере, била је ангажована као предавач на Правном факултету у Новом Саду, за предмет Правна етика. Предавала је различите предмете у оквиру правних наука, као што су: Увод у право, Грађанско право, Наследно право, Породично право и Пословна етика.</p><p><br></p><p>Од 2020. Од 2016. године ради у Високој пословној школи струковних студија “Чачак“. Ангажована је као предавач на предметима: Социологија, Академско писање и презентовање и Студијски истраживачки рад.</p><p><br></p><p>Говори течно енглески и руски језик, служи се италијанским и француским, познаје латински и старогрчки језик.&nbsp;</p><p><br></p>', 1, NULL, NULL, 57, NULL, NULL),
(46, 'Силвана', 'Илић', 'др', 'Професор струковних студија', 'silvana.ilic@vpscacak.edu.rs', NULL, 'avatar.png', 'srb', '', 1, NULL, NULL, 58, NULL, NULL),
(47, 'Владимир', 'Павићевић', 'др', 'Професор струковних студија', 'vladimir.pavicevic@vpscacak.edu.rs', NULL, 'avatar.png', 'srb', '', 1, NULL, NULL, 58, NULL, NULL),
(48, 'Драгица', 'Стојановић', 'др', 'Професор струковних студија', 'dragica.stojanovic@vpscacak.edu.rs', NULL, 'avatar.png', 'srb', '', 1, NULL, NULL, 58, NULL, NULL),
(49, 'Олгица ', 'Илић Андрић', 'Правник Шк', 'Правник Школе', 'sekretar@vpsbeograd.edu.rs', NULL, 'avatar.png', 'srb', '', 1, NULL, NULL, 58, NULL, NULL),
(50, 'Марина', 'Лучановић', 'Студентска', 'Студентска служба - референт за студентска питања', 'marina.lucanovic@gmail.com', NULL, 'avatar.png', 'srb', '', 1, NULL, NULL, 58, NULL, NULL);

-- --------------------------------------------------------

--
-- Table structure for table `osoblje_odbor`
--

CREATE TABLE `osoblje_odbor` (
  `id` int(10) NOT NULL,
  `osobljeID` int(10) NOT NULL,
  `odborID` int(10) NOT NULL,
  `pozicija` varchar(50) NOT NULL,
  `prioritet` int(10) NOT NULL DEFAULT 1,
  `lang` varchar(5) NOT NULL DEFAULT 'srb',
  `description` text DEFAULT NULL
) ENGINE=InnoDB DEFAULT CHARSET=utf8mb4 COLLATE=utf8mb4_general_ci;

--
-- Dumping data for table `osoblje_odbor`
--

INSERT INTO `osoblje_odbor` (`id`, `osobljeID`, `odborID`, `pozicija`, `prioritet`, `lang`, `description`) VALUES
(1, 8, 1, '1', 1, 'srb', NULL),
(46, 20, 1, '2', 1, 'srb', NULL),
(47, 35, 1, '1', 1, 'srb', NULL),
(48, 23, 1, '1', 1, 'srb', NULL),
(49, 49, 2, '3', 1, 'srb', NULL),
(50, 24, 2, '4', 1, 'srb', NULL),
(51, 20, 2, '5', 1, 'srb', NULL),
(52, 10, 3, '6', 1, 'srb', NULL),
(53, 13, 3, '6', 1, 'srb', NULL),
(54, 16, 3, '6', 1, 'srb', NULL),
(55, 17, 3, '6', 1, 'srb', NULL),
(56, 18, 3, '6', 1, 'srb', NULL),
(57, 19, 3, '6', 1, 'srb', NULL),
(58, 20, 3, '6', 1, 'srb', NULL),
(59, 22, 3, '8', 1, 'srb', NULL),
(60, 23, 3, '7', 1, 'srb', NULL),
(61, 24, 3, '6', 1, 'srb', NULL),
(62, 25, 3, '6', 1, 'srb', NULL),
(63, 26, 3, '6', 1, 'srb', NULL),
(64, 27, 3, '7', 1, 'srb', NULL),
(65, 28, 3, '6', 1, 'srb', NULL),
(66, 29, 3, '7', 1, 'srb', NULL),
(67, 30, 3, '6', 1, 'srb', NULL),
(68, 31, 3, '7', 1, 'srb', NULL),
(69, 32, 3, '6', 1, 'srb', NULL),
(70, 48, 3, '6', 1, 'srb', NULL),
(71, 47, 3, '6', 1, 'srb', NULL),
(72, 46, 3, '6', 1, 'srb', NULL),
(73, 45, 3, '6', 1, 'srb', NULL),
(74, 49, 4, '9', 1, 'srb', NULL),
(75, 41, 4, '10', 1, 'srb', NULL),
(76, 40, 4, '11', 1, 'srb', NULL),
(77, 39, 4, '12', 1, 'srb', NULL),
(78, 38, 4, '13', 1, 'srb', NULL),
(79, 37, 4, '14', 1, 'srb', NULL),
(80, 50, 4, '14', 1, 'srb', NULL),
(81, 36, 4, '15', 1, 'srb', NULL),
(82, 35, 4, '16', 1, 'srb', NULL),
(83, 34, 4, '17', 1, 'srb', NULL);

-- --------------------------------------------------------

--
-- Table structure for table `predmeti`
--

CREATE TABLE `predmeti` (
  `id` int(11) NOT NULL,
  `predmet` varchar(50) NOT NULL,
  `sifra` varchar(50) NOT NULL,
  `predavanja` int(2) NOT NULL,
  `vezbe` int(2) NOT NULL,
  `espb` int(2) NOT NULL,
  `lang` varchar(5) NOT NULL DEFAULT 'srb',
  `nastavniPlan` varchar(50) DEFAULT NULL
) ENGINE=InnoDB DEFAULT CHARSET=utf8mb4 COLLATE=utf8mb4_general_ci;

--
-- Dumping data for table `predmeti`
--

INSERT INTO `predmeti` (`id`, `predmet`, `sifra`, `predavanja`, `vezbe`, `espb`, `lang`, `nastavniPlan`) VALUES
(34, 'Социологија', '120', 2, 2, 6, 'srb', '111'),
(35, 'Пословна статистика', '121', 4, 2, 7, 'srb', '112'),
(36, 'Oснове менаџмента', '122', 2, 2, 7, 'srb', '113'),
(37, 'Пословна економија', '102', 4, 2, 8, 'srb', '114'),
(38, 'Основе рачуноводства', '118', 4, 2, 8, 'srb', '115'),
(39, 'Пословни страни језик-енглески', '123', 2, 2, 7, 'srb', '116'),
(40, 'Макроекономија', '124', 4, 2, 7, 'srb', '117'),
(41, 'Пословна информатика', '125', 2, 2, 10, 'srb', '118'),
(42, 'Организационо понашање', '119', 2, 2, 10, 'srb', '119'),
(43, 'Менаџмент људских ресурса', '231', 2, 2, 7, 'srb', '120'),
(44, 'Принципи маркетинга', '223', 4, 2, 7, 'srb', '121'),
(45, 'Пословно право', '224', 4, 2, 7, 'srb', '122'),
(46, 'Пословна дипломатија', '234', 2, 2, 7, 'srb', '123'),
(47, 'Пословне финансије', '241', 4, 2, 8, 'srb', '124'),
(48, 'Међународна економија', '225', 4, 2, 7, 'srb', '125'),
(49, 'Економика туризма', '226', 4, 2, 7, 'srb', '126'),
(50, 'Квантитативне методе', '227', 2, 2, 10, 'srb', '127'),
(51, 'Електронско пословање', '228', 2, 2, 10, 'srb', '128'),
(52, 'Економика трговине', '339Т', 3, 2, 4, 'srb', '129'),
(53, 'Спољнотрговинско пословање', '340Т', 3, 2, 8, 'srb', '130'),
(54, 'Предузетништво', '341Т', 3, 2, 8, 'srb', '131'),
(55, 'Управљање инвестицијама', '343Т', 3, 2, 8, 'srb', '132'),
(56, 'Финансијска тржишта и институције', '344Т', 3, 2, 8, 'srb', '133'),
(57, 'Понашање потрошача', '346Т', 3, 2, 4, 'srb', '134'),
(58, 'Међународне пословне финансије', '362Т', 3, 2, 6, 'srb', '135'),
(59, 'Маркетинг у трговини', '347Т', 3, 2, 4, 'srb', '136'),
(60, 'Производни и услужни менаџмент', '348Т', 3, 2, 8, 'srb', '137'),
(61, 'Информациони системи у менаџменту', '345Т', 3, 2, 8, 'srb', '138'),
(62, 'Монетарне и јавне финансије', '339Ф', 3, 2, 4, 'srb', '139'),
(63, 'Управљање инвестицијама', '343Ф', 3, 2, 8, 'srb', '140'),
(64, 'Финансијска тржишта и институције', '344Ф', 3, 2, 8, 'srb', '141'),
(65, 'Спољнотрговинско пословање', '340Ф', 3, 2, 8, 'srb', '142'),
(66, 'Предузетништво', '341Ф', 3, 2, 8, 'srb', '143'),
(67, 'Анализа финансијских извештаја', '349Ф', 3, 2, 4, 'srb', '144'),
(68, 'Ревизија и финансијско извештавање', '338Ф', 3, 2, 4, 'srb', '145'),
(69, 'Међународне пословне финансије', '363Ф', 3, 2, 6, 'srb', '146'),
(70, 'Банкарство', '337Ф', 3, 2, 8, 'srb', '147'),
(71, 'Информациони системи у менаџменту', '345Ф', 3, 2, 8, 'srb', '148'),
(72, 'Академско писање и презентовање', '601', 3, 2, 7, 'srb', '149'),
(73, 'Лидерство', '602', 3, 2, 10, 'srb', '150'),
(74, 'Пословно комуницирање', '603', 3, 2, 10, 'srb', '151'),
(75, 'Пословна етика', '604', 3, 2, 10, 'srb', '152'),
(76, 'Пословна анализа', '605', 3, 2, 10, 'srb', '153'),
(77, 'Менаџмент услуга', '606', 3, 2, 10, 'srb', '154'),
(78, 'Енглески за економисте', '607', 3, 2, 10, 'srb', '155'),
(79, 'Предузетничко пословање', '608 ', 3, 2, 10, 'srb', '156'),
(80, 'Туризам и економски развој', '701', 4, 4, 7, 'srb', '157'),
(81, 'Менаџмент у трговини', '702', 4, 4, 10, 'srb', '158'),
(82, 'Економија осигурања', '703', 3, 3, 10, 'srb', '159'),
(83, 'Економија Европске уније', '704', 3, 3, 10, 'srb', '160'),
(84, 'Директан и интернет маркетинг', '705', 3, 3, 9, 'srb', '161'),
(85, 'Опорезивање у приватном и јавном сектору', '706', 3, 3, 8, 'srb', '162'),
(86, 'Глобализација пословања', '707', 3, 3, 8, 'srb', '163'),
(89, 'Стручна пракса', '708', 0, 0, 3, 'srb', NULL),
(90, 'Студијски и истраживачки рад', '709', 0, 0, 3, 'srb', NULL),
(91, 'Мастер рад', '710', 0, 0, 10, 'srb', NULL);

-- --------------------------------------------------------

--
-- Table structure for table `preuzimanja`
--

CREATE TABLE `preuzimanja` (
  `id` int(10) NOT NULL,
  `fileName` varchar(255) NOT NULL,
  `mediaID` int(10) NOT NULL,
  `kategorija` varchar(50) DEFAULT NULL,
  `createdAt` timestamp NOT NULL DEFAULT current_timestamp(),
  `lang` varchar(5) NOT NULL DEFAULT 'srb'
) ENGINE=InnoDB DEFAULT CHARSET=utf8mb4 COLLATE=utf8mb4_general_ci;

--
-- Dumping data for table `preuzimanja`
--

INSERT INTO `preuzimanja` (`id`, `fileName`, `mediaID`, `kategorija`, `createdAt`, `lang`) VALUES
(1, 'Пријава теме', 17, 'Обрасци', '2024-04-20 22:17:18', 'srb'),
(2, 'Пријава испита', 6, 'Обрасци', '2024-04-20 22:18:12', 'srb'),
(3, 'Семестрални лист', 16, '', '2024-04-20 22:28:04', 'srb'),
(4, 'Упутство за мастер рад', 17, 'Упутство', '2024-04-21 07:16:27', 'srb'),
(5, 'Упутство за израду Мастер струковног рада', 21, 'Упутство', '2024-05-09 13:07:14', 'srb'),
(6, 'Дневник стручне праксе', 22, 'Обрасци', '2024-05-09 13:08:21', 'srb'),
(8, 'Семестрални лист - формулар', 26, 'Обрасци', '2024-05-15 08:25:16', 'srb'),
(9, 'Пријава теме мастер рада', 27, 'Обрасци', '2024-05-15 08:25:28', 'srb'),
(10, 'Испитна пријава - формулар', 28, 'Обрасци', '2024-05-15 08:25:36', 'srb'),
(11, 'Захтев за издавање уверења о положеним испитима', 29, 'Обрасци', '2024-05-15 08:25:51', 'srb'),
(12, 'Бланко прва страница мастер рада (УНУТРАШЊА)', 30, 'Обрасци', '2024-05-15 08:26:00', 'srb'),
(13, 'Бланко прва страница завршног рада (УНУТРАШЊА)', 31, 'Обрасци', '2024-05-15 08:26:10', 'srb'),
(14, 'Бланко прва страна мастер рада (КОРИЦЕ)', 32, 'Обрасци', '2024-05-15 08:26:19', 'srb'),
(15, 'Бланко прва страна завршног рада (КОРИЦЕ)', 33, 'Обрасци', '2024-05-15 08:26:26', 'srb'),
(16, '10 корака од пријаве до одбране мастер рада', 34, 'Упутство', '2024-05-15 08:26:35', 'srb'),
(17, 'Дневник стручне праксе МСС', 35, 'Обрасци', '2024-05-20 08:21:51', 'srb');

-- --------------------------------------------------------

--
-- Table structure for table `raspored`
--

CREATE TABLE `raspored` (
  `id` int(10) NOT NULL,
  `spID` varchar(255) NOT NULL,
  `mediaID` varchar(50) NOT NULL,
  `kategorija` varchar(20) NOT NULL,
  `active` tinyint(1) DEFAULT 1,
  `createdAt` timestamp NOT NULL DEFAULT current_timestamp(),
  `lang` varchar(5) NOT NULL DEFAULT 'srb',
  `godina` int(11) NOT NULL,
  `prioritet` int(11) NOT NULL DEFAULT 1
) ENGINE=InnoDB DEFAULT CHARSET=utf8mb4 COLLATE=utf8mb4_general_ci;

--
-- Dumping data for table `raspored`
--

INSERT INTO `raspored` (`id`, `spID`, `mediaID`, `kategorija`, `active`, `createdAt`, `lang`, `godina`, `prioritet`) VALUES
(9, '1', '23', '1', 0, '2024-05-14 10:59:43', 'srb', 1, 1),
(10, '7', '23', '1', 0, '2024-05-14 11:00:12', 'srb', 1, 1),
(11, '8', '23', '1', 0, '2024-05-14 11:00:24', 'srb', 1, 1),
(12, '1', '24', '2', 1, '2024-05-14 11:01:56', 'srb', 1, 1),
(13, '7', '24', '2', 1, '2024-05-14 11:02:00', 'srb', 1, 1),
(14, '8', '24', '2', 1, '2024-05-14 11:02:04', 'srb', 1, 1);

-- --------------------------------------------------------

--
-- Table structure for table `raspored_kategorija`
--

CREATE TABLE `raspored_kategorija` (
  `id` int(11) NOT NULL,
  `lang` varchar(5) NOT NULL,
  `kategorija` varchar(255) NOT NULL,
  `slug` varchar(60) NOT NULL
) ENGINE=InnoDB DEFAULT CHARSET=utf8mb4 COLLATE=utf8mb4_general_ci;

--
-- Dumping data for table `raspored_kategorija`
--

INSERT INTO `raspored_kategorija` (`id`, `lang`, `kategorija`, `slug`) VALUES
(1, 'srb', 'predavanja', 'lecture'),
(2, 'srb', 'ispiti', 'examination');

-- --------------------------------------------------------

--
-- Table structure for table `sp_predmet`
--

CREATE TABLE `sp_predmet` (
  `spID` int(10) NOT NULL,
  `predmetID` int(10) NOT NULL,
  `redniBroj` int(10) NOT NULL DEFAULT 0,
  `izborni` tinyint(1) NOT NULL DEFAULT 0,
  `semestar` int(2) NOT NULL,
  `godina` int(11) DEFAULT NULL
) ENGINE=InnoDB DEFAULT CHARSET=utf8mb4 COLLATE=utf8mb4_general_ci;

--
-- Dumping data for table `sp_predmet`
--

INSERT INTO `sp_predmet` (`spID`, `predmetID`, `redniBroj`, `izborni`, `semestar`, `godina`) VALUES
(1, 34, 1, 0, 1, NULL),
(1, 35, 2, 0, 1, NULL),
(1, 36, 3, 0, 1, NULL),
(1, 37, 4, 0, 1, NULL),
(1, 38, 5, 0, 2, NULL),
(1, 39, 6, 0, 2, NULL),
(1, 40, 7, 0, 2, NULL),
(1, 41, 8, 1, 2, NULL),
(1, 42, 9, 1, 2, NULL),
(1, 43, 10, 0, 3, NULL),
(1, 44, 11, 0, 3, NULL),
(1, 45, 12, 0, 3, NULL),
(1, 46, 13, 0, 3, NULL),
(1, 47, 14, 0, 4, NULL),
(1, 48, 15, 0, 4, NULL),
(1, 49, 16, 0, 4, NULL),
(1, 50, 17, 1, 4, NULL),
(1, 51, 18, 1, 4, NULL),
(1, 53, 20, 0, 5, NULL),
(1, 54, 21, 0, 5, NULL),
(1, 56, 23, 1, 5, NULL),
(1, 57, 24, 0, 6, NULL),
(1, 58, 25, 0, 6, NULL),
(1, 59, 26, 0, 6, NULL),
(1, 60, 27, 1, 6, NULL),
(1, 61, 28, 1, 6, NULL),
(7, 34, 1, 0, 1, NULL),
(7, 35, 2, 0, 1, NULL),
(7, 36, 3, 0, 1, NULL),
(7, 37, 4, 0, 1, NULL),
(7, 38, 5, 0, 2, NULL),
(7, 39, 6, 0, 2, NULL),
(7, 40, 7, 0, 2, NULL),
(7, 41, 8, 1, 2, NULL),
(7, 42, 9, 1, 2, NULL),
(7, 43, 10, 0, 3, NULL),
(7, 44, 11, 0, 3, NULL),
(7, 45, 12, 0, 3, NULL),
(7, 46, 13, 0, 3, NULL),
(7, 47, 14, 0, 4, NULL),
(7, 48, 15, 0, 4, NULL),
(7, 49, 16, 0, 4, NULL),
(7, 50, 17, 1, 4, NULL),
(7, 51, 18, 1, 4, NULL),
(7, 62, 19, 0, 5, NULL),
(7, 63, 20, 0, 5, NULL),
(7, 64, 21, 0, 5, NULL),
(7, 65, 22, 1, 5, NULL),
(7, 66, 23, 1, 5, NULL),
(7, 67, 24, 0, 6, NULL),
(7, 68, 25, 0, 6, NULL),
(7, 69, 26, 0, 6, NULL),
(7, 70, 27, 1, 6, NULL),
(7, 71, 28, 1, 6, NULL),
(8, 72, 1, 0, 1, NULL),
(8, 73, 2, 0, 1, NULL),
(8, 74, 3, 1, 1, NULL),
(8, 75, 4, 1, 1, NULL),
(8, 76, 5, 0, 2, NULL),
(8, 77, 6, 0, 2, NULL),
(8, 78, 7, 1, 2, NULL),
(8, 79, 8, 1, 2, NULL),
(8, 80, 9, 0, 3, NULL),
(8, 81, 10, 0, 3, NULL),
(8, 82, 13, 1, 3, NULL),
(8, 83, 12, 1, 3, NULL),
(8, 84, 14, 0, 4, NULL),
(8, 85, 15, 1, 4, NULL),
(8, 86, 16, 1, 4, NULL),
(8, 89, 17, 0, 4, NULL),
(8, 90, 18, 0, 4, NULL),
(8, 91, 19, 0, 4, NULL);

-- --------------------------------------------------------

--
-- Table structure for table `studijski_programi`
--

CREATE TABLE `studijski_programi` (
  `id` int(11) NOT NULL,
  `nivoID` int(10) NOT NULL,
  `naziv` varchar(50) NOT NULL,
  `modul` varchar(255) DEFAULT NULL,
  `trajanje` varchar(50) NOT NULL,
  `espb` int(3) NOT NULL,
  `zvanje` varchar(50) NOT NULL,
  `polje` varchar(70) DEFAULT NULL,
  `aktivan` tinyint(1) NOT NULL DEFAULT 1,
  `akreditovan` int(4) NOT NULL,
  `lang` varchar(5) NOT NULL DEFAULT 'srb',
  `cilj` text DEFAULT NULL,
  `opis` text DEFAULT NULL,
  `ishod` text DEFAULT NULL,
  `translate_relation` longtext DEFAULT NULL
) ENGINE=InnoDB DEFAULT CHARSET=utf8mb4 COLLATE=utf8mb4_general_ci;

--
-- Dumping data for table `studijski_programi`
--

INSERT INTO `studijski_programi` (`id`, `nivoID`, `naziv`, `modul`, `trajanje`, `espb`, `zvanje`, `polje`, `aktivan`, `akreditovan`, `lang`, `cilj`, `opis`, `ishod`, `translate_relation`) VALUES
(1, 1, 'Економија и бизнис', 'Трговина и маркетинг', '3 године / 6 семестра', 180, 'струковни економиста', 'Друштвено-хуманистичко', 1, 2017, 'srb', 'Основни циљ едукације која се постиже на основним струковним студијама је стицање и\r\nповезивање стечених знања из предметних области економије и бизниса у одговарајућу\r\nпрофесионалну структуру. Структура студијског програма Економија и бизнис кроз своје наставне\r\nсадржаје посебно акцентира добијање јасне и потпуне слике значаја и потребе практичног знања\r\nкоје се стиче кроз садржај основних струковних студија. Другим речима, циљ је да студенти усвоје\r\nнајновија знања и вештине из области економије, управљања и бизниса у савременом пословно-\r\nекономском окружењу, тј. да се добију стручњаци спремни да одговоре на сва питања и изазове\r\nса којима су реалан и финансијски сектор данас сусрећу у сфери економије, како би се креирале\r\nнове пословне идеје и исте претвориле у профитабилан посао.', 'Студијски програм „Економија и бизнис“ је конципиран у складу са Законом о високом\nобразовању и стандардима за акредитацију. Основна сврха студијског програма „Економија и\nбизнис“ је образовање и оспособљавање студената за професију струковног економисте како у\nреалном, тако и у финансијском, јавном или приватном сектору. Предузећа, банке, осигуравајуће\nкомпаније, јавне институције и агенције одувек су захтевале стручњаке економске струке обучене\nда препознају и/или дефинишу ефикасност, економичност, ризике, управљање ризицима, новчане\nтокове, креирање буџета, управљање новчаним средствима и потраживањима, логистику,\nтрговину и послове спољне трговине, инвестиционе токове, финансијско окружење и сл. Самим\nтим, перманентна је потреба за младим и компетентним кадровима из области економије, који ће\nбити оспособљени да креирају и спроводе пословну политику код својих будућих послодаваца.', 'Опште способности односе се на:\r\n-	Анализирање стања и проблема, дефинисање активности и ресурса за решавање истих, као и сагледавање могућих импликација донешених пословних одлука;\r\n-	Способност да препознају шансе и опасности на које треба реаговати;\r\n-	Овладавање методама самосталног учења;\r\n-	Развој креативности и критичног размишљања, коришћење индукције и дедукције у изналажењу решења на одређене проблеме;\r\n-	Рад у тиму, уважавање туђих ставова и мишљења и доношење компромисног решења у свакој практичној ситуацији;\r\n-	Презентовање сопствених идеја и резултата;\r\n-	Ефикасна и стручна примена стечених знања;\r\n-	Стицање вештина када је у питању пословно комуницирање и преговарање, односи са јавношћу и др.;\r\n-	Пословни кодекс понашања и етичка питања.\r\nСпецифичне компетенције које означавају завршетак основних струковних студија на студијском програму Економија и бизнис Модул 1 – Тргодина и маркетинг стичу студенти:\r\n•	Који су показали продубљено знање, разумевање и стручне вештине у одабраним ужим областима специјализације које се заснивају на знању и вештинама стеченим на основним струковним студијама, као вид посебне припреме и одговарајуће је за успешан рад у области специјализације разних облика трговинског и маркетинг пословања;\r\n•	Који су у стању да примене продубљено знање, разумевање и вештине за успешно решавање сложених пробелма у делимично новом или непознатом окружењу ужим областима студија спољне и унутрашње трговине, маркетинга, истраживања тржишта, царинског пословања, управљања свих врста продаје, набавке и дистрибуције и менаџмента производа и производног асортимана предузећа;\r\n•	Који су стекли знања и вештине потребне за тимски рад при решавању сложених проблема из струке трговине и маркетинга;\r\n•	Који имају повећану способност да интегришу стечена знања и вештине, да расуђују и дају на основу доступних информација могуће закључке који истовремено садрже промишљења о друштвеним и етичким одговорностима повезаним са применом њихових знања и судова из области трговине и маркетинга;\r\n•	Који су у стању да ефикасно прате и усвајају новине у области специјализације и да на јасан и недвосмислен начин пренесу своје закључке, знање и поступак закључивања стручној и широј јавности о проблематици трговинског и маркетинг пословања.\r\n', NULL),
(2, 2, 'Пословно управљање', NULL, '1 година / 2 семестра', 60, 'специјалиста струковни економиста', 'Друштвено-хуманистичко', 0, 2024, 'srb', 'Основни циљ едукације која се постиже на основним струковним студијама је стицање и\r\nповезивање стечених знања из предметних области економије и бизниса у одговарајућу\r\nпрофесионалну структуру. Структура студијског програма Економија и бизнис кроз своје наставне\r\nсадржаје посебно акцентира добијање јасне и потпуне слике значаја и потребе практичног знања\r\nкоје се стиче кроз садржај основних струковних студија. Другим речима, циљ је да студенти усвоје\r\nнајновија знања и вештине из области економије, управљања и бизниса у савременом пословно-\r\nекономском окружењу, тј. да се добију стручњаци спремни да одговоре на сва питања и изазове\r\nса којима су реалан и финансијски сектор данас сусрећу у сфери економије, како би се креирале\r\nнове пословне идеје и исте претвориле у профитабилан посао.', 'Студијски програм „Економија и бизнис“ је конципиран у складу са Законом о високом\r\nобразовању и стандардима за акредитацију. Основна сврха студијског програма „Економија и\r\nбизнис“ је образовање и оспособљавање студената за професију струковног економисте како у\r\nреалном, тако и у финансијском, јавном или приватном сектору. Предузећа, банке, осигуравајуће\r\nкомпаније, јавне институције и агенције одувек су захтевале стручњаке економске струке обучене\r\nда препознају и/или дефинишу ефикасност, економичност, ризике, управљање ризицима, новчане\r\nтокове, креирање буџета, управљање новчаним средствима и потраживањима, логистику,\r\nтрговину и послове спољне трговине, инвестиционе токове, финансијско окружење и сл. Самим\r\nтим, перманентна је потреба за младим и компетентним кадровима из области економије, који ће\r\nбити оспособљени да креирају и спроводе пословну политику код својих будућих послодаваца.', NULL, NULL),
(7, 1, 'Економија и бизнис', 'Финансијски менаџмент', '3 године / 6 семестра', 180, 'струковни економиста', 'Друштвено-хуманистичко', 1, 2017, 'srb', 'Циљеви студијског програма „Економија и бизнис“ укључују постизање компетенција, креативних способности и овладавање специфичним практичним вештинама потребним за обављање оперативних професионалних задатака. У складу са претходно наведеним, можемо констатовати да су кључни циљеви образовног процеса студијског програма следећи:\r\n\r\n•	Пружити студентима фундаментална знања из области економије, финансија и трговине; \r\n•	Пружити студентима стручна знања из области економских кретања, организације, услуга, маркетинга, менаџмента, предузетништва,  рачуноводства и рачуноводствене анализе, трговинског и спољнотрговинског пословања, пословне дипломатије, финансијског окружења и међународних финансија;\r\n•	Развијати креативне способности код студената и оспособити их за овладавање практичним вештинама, како би се организовало профитабилно предузеће у реалном или финансијском сектору;\r\n•	Припремити студенте за лидерске позиције у институцијама и организацијама;\r\n•	Оспособити студенте за решавање конкретних пословних проблема;\r\n•	Развијати код студената личност и вештине будућих менаџера;\r\n•	Оспособити студенте да успешно користе информационе технологије;\r\n•	Оспособити студенте да целокупна стечена знања примењују у практичне сврхе;\r\n•	Оспособити студенте да резултате сопственог рада квалитетно излажу стручној јавности;\r\n•	Оспособити младе стручњаке за рад у најразличитијим организацијама и институцијама;\r\n•	Оспособити студенте да као будући стручњаци, извршењу сваког посла приступају озбиљно, савесно и квалитетно;\r\n•	Подстицати студенте на тимски рад и константно им указивати на важност толеранције и уважавања туђег става и мишљења;\r\n•	Пружити студентима могућност да наставе своје школовање и даље.\r\n', 'Назив студијског програма основних струковних студија јe „Економија и бизнис“. Звање које студент стиче завршетком студија гласи струковни економиста. \r\nСтудијски програм „Економија и бизнис“ је конципиран у складу са Законом о високом образовању и стандардима за акредитацију. Основна сврха студијског програма „Економија и бизнис“ је образовање и оспособљавање студената за професију струковног економисте како у реалном, тако и у финансијском, јавном или приватном сектору. Предузећа, банке, осигуравајуће компаније, јавне институције и агенције одувек су захтевале стручњаке економске струке обучене да препознају и/или дефинишу ефикасност, економичност, ризике, управљање ризицима, новчане токове, креирање буџета, управљање новчаним средствима и потраживањима, логистику, трговину и послове спољне трговине, инвестиционе токове, финансијско окружење и сл. Самим тим, перманентна је потреба за младим и компетентним кадровима из области економије, који ће бити оспособљени да креирају и спроводе пословну  политику код својих будућих послодаваца. \r\n', 'Опште способности односе се на:\r\nАнализирање стања и проблема, дефинисање активности и ресурса за решавање истих, као и сагледавање могућих импликација донешених пословних одлука;\r\nСпособност да препознају шансе и опасности на које треба реаговати;\r\nОвладавање методама самосталног учења;\r\nРазвој креативности и критичног размишљања, коришћење индукције и дедукције у изналажењу решења на одређене проблеме;\r\nРад у тиму, уважавање туђих ставова и мишљења и доношење компромисног решења у свакој практичној ситуацији;\r\nПрезентовање сопствених идеја и резултата;\r\nЕфикасна и стручна примена стечених знања;\r\nСтицање вештина када је у питању пословно комуницирање и преговарање, односи са јавношћу и др.;\r\nПословни кодекс понашања и етичка питања.\r\n\r\nСпецифичне компетенције које означавају завршетак основних струковних студија на студијском програму Економија и бизнис Модул 2 – Финансијски менаџмент стичу студенти: Који су показали продубљено знање, разумевање и стручне вештине у одабраним ужим областима специјализације које су одговарајуће за успешан рад у области финансијског пословања, инвестиција, анализе и рачуноводства;\r\nКоји су у стању да примене продубљено знање, разумевање и вештине за успешно решавање сложених проблема у делимично новом или непознатом окружењу у вези са: управљањем пословима књиговодства, материјалног књиговодства, финансијске анализе; управљањем готовином, купцима, добављачима; банкарством; рачунарским система; приказивањем биланса стања; утврђивањем и обрачуном прихода и сл. \r\nКоји су стекли знања и вештине потребне за тимски рад при решавању сложених проблема из струке финансијског пословања;\r\nКоји имају повећану способност да интегришу стечена знања и вештине, да расуђују и дају на основу доступних информација могуће закључке који истовремено садрже промишљања о друштвеним и етичким одговорностима повезаним са применом њиховог знања и судова из области финансија;\r\nКоји су у стању да ефикасно прате и усвајају новине у области финансија и да на јасан и недвосмислен начин пренесу своје закључке, знање и поступак закључивања стручној и широј јавности.\r\n\r\n', NULL),
(8, 3, 'Економија услуга', '', '2 године / 4 семестра', 120, 'мастер струковни економиста', 'Друштвено-хуманистичко', 1, 2019, 'srb', 'Циљеви студијског програма мастер струковних студија \'\'Економија услуга\'\', произилазе из основних циљева и задатака Високе пословне школе струковних студија \'\'Чачак\'\' као образовне установе, али и из сврхе самог студијског програма. На првом месту то је овладавање специфичним теоријским знањима и практичним вештинама потребним за обављање високопрофесионалних задатака у савременим пословним условима, у складу са дефиницијама постиндустријског друштва. \r\nС обзиром да је једна од најважнијих карактеристика економије услуга чињеница да су услужне делатности веома радно интензивне и са ограниченим могућностима економије обима (јер је услужни производ суштински другачији од материјалног - опипљивог производа), циљеви овог студијског програма засновани су на знањима, иновацијама и добрим практичним искуствима у овој економској области, која се изучавају и усвајају на сличним високошколским институцијама у региону и свету.\r\nОсновни циљеви студијског програма су постизање компетенција, знања и вештина, као и примена научних и стручних достигнућа из области економије услуга чији је коначни исход образовање струковних мастер економиста, који ће бити у стању да одговоре на велике промене које обликују економију услуга, и омогуће организацијама којима руководе да преживе и просперирају у условима веома развијене тржишне конкуренције.Посебни циљеви студијског програма МСС \'\'Економија услуга\'\', такође, укључују и постизање компетенција и способности у вези са: писањем и презентовањем академских и стручних радова;\r\nуправљањем пројектима;\r\nспецифичним практичним вештинама из широке лепезе услужних активности (туризам, финансије, осигурање, велепродаја, малопродаја и сл.);\r\nефикасним успостављањем односа између произвођача и потрошача;\r\nкреирањем нових типова услуга у складу са потребама пословних субјеката;\r\nанализирањем пословних резултата;\r\nуправљањем организацијама оријентисаним на потрошаче и услуживање; и сл.\r\nДефинисани општи и посебни циљеви указују на основну сврху студијског програма, а то је оспособљавање за непосредно укључивање у рад на пословима из широког спектра услужних делатности који захтевају висок ниво компетенција.  \r\n', 'Студијски програм мастер струковних студија конципиран је тако да студентима омогући да продубе своја знања и стекну специфичне вештине у области економије услуга и укључе се као стручњаци у покретање и спровођење разних активности у савременом и динамичном пословном окружењу.\r\nЗахваљујући великом значају услуга и њиховом учешћу у економији развијених земаља, све више се појављују изрази услужно друштво и услужна економија, а употребљавају се за описивање економије која се у највећој мери ослања на сферу услуга. \r\nС обзиром да услужни сектор данас учествује са преко 60% у бруто националном дохотку светске економије, веома је мало привреда у свету које не поседују значајан услужни сектор - одн. услуге леже у центру економске активности сваког друштва. Такође, број запослених у сектору услуга значајно се повећава, док се број радних места у сектору индустрије и пољопривреде континуирано смањује, тако да велики значај услуга у решавању проблема незапослености може бити од пресудне важности код националних привреда земаља у транзицији.\r\nЧињеница је да се важност услуга најбоље може сагледати кроз визуру њиховог великог утицаја на раст и ефикасност читавих индустријских грана и целокупне привреде,  а то се најбоље може видети на примеру сектора као што су: финансијске услуге, транспорт и телекомуникације - студијски програм мастер струковних студија допринео би развоју економске струке, нарочито у области економије услужних делатности и повезивању науке и праксе, како унутар наше земље, тако и између наше и других земаља. Јер знање постаје извор конкурентске предности предузећа и земаља на глобалном тржишту, и ресурс на коме Србија, објективно, може да гради своју међународну позицију. \r\nКако се са сигурношћу може рећи да услужни сектор представља важан фактор развоја савремене економије који се испољава кроз лакше превазилажење рецесије и кроз стипулисање привредног раста и запослености, нова знања и међународно валоризоване вештине у области економије услуга која нуди овај студијски програм, неопходна су нашој привреди, јер су недостатак квалитетних, и за пословање оспособљених стручњака, једна од значајнијих препрека за динамичан привредни развој.\r\n\r\n', 'Завршетком студијског програма ЕКОНОМИЈА УСЛУГА, студенти стичу звање струковни мастер економиста. У оквиру мастер струковних студија другог степена, студенти проширују знања стечена на основним струковним студијама. \r\n\r\nСтуденти који заврше мастер струковне студије Економија услуга стичу опште компетенције да методама анализе и синтезе решавају сложенe проблеме са којима се сусрећу. Међутим, поред усвојеног знања из ове студијске области која су у стању да директно примењују у пракси, студенти поседују и компетенције критичког расуђивања, што им отвара могућност да реално сагледавају проблеме са којима су суочени и изаберу најбоље могуће решење. Од кључног значаја је развијена способност за тимски рад, који подразумева како могућности да се решавају сложени проблеми из праксе, тако  и висок ниво комуникација који се развија током студија. \r\nСходно улози, задацима и предметно-специфичним компетенцијама, завршетком овог студијског програма струковни мастер економиста треба да: \r\n\r\nвлада знањима и вештинама којима се могу решити сложени економски проблеми, као и знањима неопходним за обављање руководећих и управљачких послова;\r\nпоседује способност повезивања основних теоријских знања из различитих области са њиховом практичном применом, одн. да поседује компетенције за примену стечених знања и вештина у пракси и стално иновирање тих знања;\r\nвлада знањима неопходним за обављање високостручних, управљачких и аналитичких послова из области менаџмента, маркетинга, осигурања, предузетнишзва, туризма и сл;\r\nпоседује знања и способности за креирање и вођење пројеката разних нивоа;\r\nбуде оспособљен за обављање комплексних послова у приватном и јавном сектору.\r\n\r\n', NULL),
(11, 1, 'Bezbednost', '', '3 godine / 6 semestra ', 60, 'inženjer', 'tehničko tehnološko', 0, 2025, 'srb', '<p>Test</p>', '<p>Test</p>', '<p>Test</p>', NULL);

-- --------------------------------------------------------

--
-- Table structure for table `upis`
--

CREATE TABLE `upis` (
  `id` int(11) NOT NULL,
  `title` varchar(255) NOT NULL,
  `content` text NOT NULL,
  `nivoID` int(11) NOT NULL,
  `lang` varchar(5) NOT NULL DEFAULT 'srb',
  `prioritet` int(11) NOT NULL DEFAULT 1
) ENGINE=InnoDB DEFAULT CHARSET=utf8mb4 COLLATE=utf8mb4_general_ci;

-- --------------------------------------------------------

--
-- Table structure for table `users`
--

CREATE TABLE `users` (
  `id` int(11) NOT NULL,
  `firstName` varchar(20) NOT NULL,
  `lastName` varchar(20) NOT NULL,
  `email` varchar(70) NOT NULL,
  `password` varchar(70) NOT NULL,
  `role` varchar(10) NOT NULL DEFAULT 'user',
  `image` varchar(70) DEFAULT NULL,
  `createdAt` timestamp NOT NULL DEFAULT current_timestamp(),
  `lastAccess` timestamp NULL DEFAULT NULL
) ENGINE=InnoDB DEFAULT CHARSET=utf8mb4 COLLATE=utf8mb4_general_ci;

--
-- Dumping data for table `users`
--

INSERT INTO `users` (`id`, `firstName`, `lastName`, `email`, `password`, `role`, `image`, `createdAt`, `lastAccess`) VALUES
(1, 'Dejan', 'Zivkovic', 'zile028@gmail.com', '$2y$10$06l61QvyrRSu0wAtMKJmWu54Qpmh9LjrTyjxtD6oFFGHTUIIpZ6rW', 'admin', NULL, '2024-04-03 19:39:18', '2025-03-28 15:52:01'),
(2, 'Ђорђе', 'Јовичић', 'info@vpscacak.edu.rs', '$2y$10$8kig5aK8N6umOQeayrL9suvUNQTn4ZFVoi4L/Hfexg7AumnnMK0oa', 'moderator', NULL, '2024-04-25 14:09:48', NULL),
(4, 'Dejan', 'Zivkovic', 'zdejan028@gmail.com', '$2y$10$06l61QvyrRSu0wAtMKJmWu54Qpmh9LjrTyjxtD6oFFGHTUIIpZ6rW', 'moderator', NULL, '2024-04-03 19:39:18', NULL);

-- --------------------------------------------------------

--
-- Table structure for table `vesti`
--

CREATE TABLE `vesti` (
  `id` int(11) NOT NULL,
  `naslov` varchar(50) NOT NULL,
  `description` text NOT NULL,
  `active` tinyint(1) NOT NULL DEFAULT 1,
  `featured_imageID` varchar(10) DEFAULT NULL,
  `lang` varchar(5) NOT NULL DEFAULT 'srb',
  `createdAt` timestamp NOT NULL DEFAULT current_timestamp(),
  `updatedAt` timestamp NULL DEFAULT NULL,
  `userID` int(10) NOT NULL,
  `translate_relation` longtext CHARACTER SET utf8mb4 COLLATE utf8mb4_bin DEFAULT NULL CHECK (json_valid(`translate_relation`))
) ENGINE=InnoDB DEFAULT CHARSET=utf8mb4 COLLATE=utf8mb4_general_ci;

--
-- Dumping data for table `vesti`
--

INSERT INTO `vesti` (`id`, `naslov`, `description`, `active`, `featured_imageID`, `lang`, `createdAt`, `updatedAt`, `userID`, `translate_relation`) VALUES
(12, 'ОБАВЕШТЕЊЕ О НЕРАДНИМ ДАНИМА ', '<p>Обавештавају се студенти да поводом предстојећих празника Школа неће радити од 26.04 до 07.05 2024.</p>', 1, '36', 'srb', '2024-05-21 11:27:47', NULL, 2, NULL),
(13, 'Радно време студентске службе 01.07 до 19.07', '<p>Обавештавају се студенти да ће радно време студентске службе у периоду од 01.07 до 19.07.2024. године бити од 09:00 до 15:00 часова.</p>', 1, '36', 'srb', '2024-07-01 12:30:55', NULL, 2, NULL),
(14, 'Обавештење о колективном одмору', '<p>Висока пословна школа струковних студија ,,Чачак\'\' је на колективном годишњем одмору у периоду 22.јул 2024. - 26. август 2024.</p><p>Редовна дежурства (рад са странкама) у наведеном периоду су радним данима 10.00 - 14.00h.</p><p><br></p><p>Дежурни телефони:</p><p><br></p><p>063/102-37-03 Марко</p><p>063/102-31-62 Урош</p><p>063/102-18-28 Дара</p>', 1, '36', 'srb', '2024-07-19 09:12:11', NULL, 2, NULL),
(15, 'Добро нам дошли драги студенти! ', '<p>01.10.2024.године у просторијама Високе пословне школе струковних студија ,,Чачак\'\' са седиштем у Градском Парку бр.2 у Београду нову генерацију студената свечано су дочекали власник Школе Паун Лучановић, директор школе Благоје Пушоња, бројни наставници, сарадници као и старији студенти наше високе пословне Школе, такође свечаном почетку зимског семестра присуствовали су бројни гости, пензионисани професори као и свршени студенти.</p>', 1, '36', 'srb', '2024-10-30 12:57:45', NULL, 2, NULL),
(16, 'Обавештење о нерадним данима поводом примирја у пр', '<p>Обавештавају се професори и студенти да школа неће радити 11.11. и 12.11.2024. године у складу са одлуком о Републичким празницима поводом примирја у првом светском рату. Наредни радни дан школе ће бити 13.11.2024. године (среда).</p>', 1, '36', 'srb', '2024-10-30 13:01:51', NULL, 2, NULL),
(17, 'Нерадни дани поводом новогодишњих и божићних празн', '<p>Обавештавамо Вас да Школа неће радити у периоду од 30.12.2024. до 13.01.2025. године поводом новогодишњих и божићних празника.</p>', 1, '36', 'srb', '2024-12-27 09:26:19', NULL, 2, NULL),
(18, 'Почетак летњег семестра', '<p>Летњи семестар ће почети 24.02.2025. и трајаће до 06.06.2025. године.</p>', 1, '36', 'srb', '2025-02-03 12:41:13', NULL, 2, NULL),
(19, 'Државни празник Сретење нерадни дани', '<p>Овим путем Вас обавештавамо да Школа неће радити 17.02.2025. године поводом државног празника Сретење. Наредни радни дан биће 18.02.2025. године.</p>', 1, '36', 'srb', '2025-02-14 09:11:28', NULL, 2, NULL);

-- --------------------------------------------------------

--
-- Table structure for table `vest_media`
--

CREATE TABLE `vest_media` (
  `vestID` int(10) NOT NULL,
  `mediaID` int(10) NOT NULL
) ENGINE=InnoDB DEFAULT CHARSET=utf8mb4 COLLATE=utf8mb4_general_ci;

-- --------------------------------------------------------

--
-- Table structure for table `widgets`
--

CREATE TABLE `widgets` (
  `id` int(11) NOT NULL,
  `name` varchar(255) NOT NULL,
  `type` varchar(50) NOT NULL,
  `content` text NOT NULL,
  `settings` longtext CHARACTER SET utf8mb4 COLLATE utf8mb4_bin DEFAULT NULL,
  `position` int(11) NOT NULL DEFAULT 0,
  `isActive` tinyint(1) NOT NULL DEFAULT 1,
  `lang` varchar(10) DEFAULT NULL
) ENGINE=InnoDB DEFAULT CHARSET=utf8mb4 COLLATE=utf8mb4_general_ci;

--
-- Dumping data for table `widgets`
--

INSERT INTO `widgets` (`id`, `name`, `type`, `content`, `settings`, `position`, `isActive`, `lang`) VALUES
(1, 'alumni', 'wysiwyg', '<p style=\"text-align: justify;\">Алумни клуб Високе пословне школе струковних студија „Чачак“ у Београду je oргaнизaциja кoja oкупљa и oдржaвa кoмуникaциjу сa бившим студeнтимa кojи су студиje зaвршили нa oснoвним, специјалистичким и мaстeр струковним студиjaмa. Развијање сарадње, повезивање, пружање нових информација, преношење знања и искуства, размењивање практичних, стручних и научних знања, мотивација, стварање пословних прилика и ширење контаката су само неке од предности које чланство у Алумни клубу омогућава. База алумни клуба садржи податке о бившим и садашњим студентима, професорима, асистентима, сарадницима, партнерима и пријатељима Високе пословне школе струковних студија „Чачак“ у Београду. Укључивањем у алумни клуб ствaрa се зajeдничка мрeжу тaлeнтoвaних и успeшних пojeдинaцa кojи, крoз oкупљaњa и кoмуникaциjу, узимajу учeшћe у брojним aктивнoстимa. Нa тaj нaчин oстaвљajу пoзитивнa искустaвa кoриснa зa нoвe гeнeрaциje студената кojи ћe oснaжити приврeду, кao и углeд и пoзициjу институциje нa кojoj су зaвршили студиje.</p><p style=\"text-align: justify;\"><strong>Mисиja </strong>Aлумни клубa Високе пословне школе струковних студија „Чачак“ у Београду je пoвeзивaњe бивших студeнaтa и Школе у циљу промовисања и унaпрeђeњa рaдa Школе, као и професионалног унапређења алумниста.</p><p style=\"text-align: justify;\"><strong>Визија </strong>Алумни клуба Високе пословне школе струковних студија „Чачак“ у Београду је ширење заједнице Школе и алумниста у циљу прилагођавања студијских програма Школе потребама привреде, као и да се кроз програме неформалног образовања омогући алумнистима да унапреде постојећа и стекну нова знања.</p><p style=\"text-align: justify;\"><strong>Циљеви Алумни клуба: </strong></p><ol><li>Формирање активне заједнице Високе пословне школе струковних студија „Чачак“ у Београду и њених бивших студената.</li><li>Развијање континуиране сарадње између Школе и предузећа, организација и институција у којима су запослени бивши студенти Школе.</li><li>Повезивање и ширење позитивних искустава између бивших студената Високе пословне школе струковних студија „Чачак“ у Београду.</li></ol>', '', 1, 1, 'srb');

--
-- Indexes for dumped tables
--

--
-- Indexes for table `alumni`
--
ALTER TABLE `alumni`
  ADD PRIMARY KEY (`id`),
  ADD UNIQUE KEY `email` (`email`),
  ADD UNIQUE KEY `jmbg` (`jmbg`);

--
-- Indexes for table `cenovnik`
--
ALTER TABLE `cenovnik`
  ADD PRIMARY KEY (`id`);

--
-- Indexes for table `dokumenta`
--
ALTER TABLE `dokumenta`
  ADD PRIMARY KEY (`id`);

--
-- Indexes for table `godina_studija`
--
ALTER TABLE `godina_studija`
  ADD PRIMARY KEY (`id`);

--
-- Indexes for table `kategorije`
--
ALTER TABLE `kategorije`
  ADD PRIMARY KEY (`id`),
  ADD KEY `parent` (`parent`);

--
-- Indexes for table `media`
--
ALTER TABLE `media`
  ADD PRIMARY KEY (`id`);

--
-- Indexes for table `navmenu`
--
ALTER TABLE `navmenu`
  ADD PRIMARY KEY (`id`),
  ADD KEY `parent` (`parent`);

--
-- Indexes for table `nivo_studija`
--
ALTER TABLE `nivo_studija`
  ADD PRIMARY KEY (`id`);

--
-- Indexes for table `obrazovanje_osoblje`
--
ALTER TABLE `obrazovanje_osoblje`
  ADD PRIMARY KEY (`id`);

--
-- Indexes for table `odbori`
--
ALTER TABLE `odbori`
  ADD PRIMARY KEY (`id`);

--
-- Indexes for table `odbor_pozicija`
--
ALTER TABLE `odbor_pozicija`
  ADD PRIMARY KEY (`id`),
  ADD KEY `odborID` (`odborID`);

--
-- Indexes for table `osoblje`
--
ALTER TABLE `osoblje`
  ADD PRIMARY KEY (`id`);

--
-- Indexes for table `osoblje_odbor`
--
ALTER TABLE `osoblje_odbor`
  ADD PRIMARY KEY (`id`),
  ADD KEY `osobljeID` (`osobljeID`),
  ADD KEY `osobljeID_2` (`osobljeID`),
  ADD KEY `odborID` (`odborID`);

--
-- Indexes for table `predmeti`
--
ALTER TABLE `predmeti`
  ADD PRIMARY KEY (`id`);

--
-- Indexes for table `preuzimanja`
--
ALTER TABLE `preuzimanja`
  ADD PRIMARY KEY (`id`);

--
-- Indexes for table `raspored`
--
ALTER TABLE `raspored`
  ADD PRIMARY KEY (`id`);

--
-- Indexes for table `raspored_kategorija`
--
ALTER TABLE `raspored_kategorija`
  ADD PRIMARY KEY (`id`);

--
-- Indexes for table `sp_predmet`
--
ALTER TABLE `sp_predmet`
  ADD PRIMARY KEY (`spID`,`predmetID`);

--
-- Indexes for table `studijski_programi`
--
ALTER TABLE `studijski_programi`
  ADD PRIMARY KEY (`id`),
  ADD KEY `nivoID` (`nivoID`);

--
-- Indexes for table `upis`
--
ALTER TABLE `upis`
  ADD PRIMARY KEY (`id`);

--
-- Indexes for table `users`
--
ALTER TABLE `users`
  ADD PRIMARY KEY (`id`),
  ADD UNIQUE KEY `email` (`email`);

--
-- Indexes for table `vesti`
--
ALTER TABLE `vesti`
  ADD PRIMARY KEY (`id`),
  ADD KEY `userID` (`userID`,`featured_imageID`);

--
-- Indexes for table `vest_media`
--
ALTER TABLE `vest_media`
  ADD PRIMARY KEY (`vestID`,`mediaID`);

--
-- Indexes for table `widgets`
--
ALTER TABLE `widgets`
  ADD PRIMARY KEY (`id`);

--
-- AUTO_INCREMENT for dumped tables
--

--
-- AUTO_INCREMENT for table `alumni`
--
ALTER TABLE `alumni`
  MODIFY `id` int(10) NOT NULL AUTO_INCREMENT, AUTO_INCREMENT=12;

--
-- AUTO_INCREMENT for table `cenovnik`
--
ALTER TABLE `cenovnik`
  MODIFY `id` int(10) NOT NULL AUTO_INCREMENT, AUTO_INCREMENT=55;

--
-- AUTO_INCREMENT for table `dokumenta`
--
ALTER TABLE `dokumenta`
  MODIFY `id` int(11) NOT NULL AUTO_INCREMENT, AUTO_INCREMENT=74108;

--
-- AUTO_INCREMENT for table `godina_studija`
--
ALTER TABLE `godina_studija`
  MODIFY `id` int(11) NOT NULL AUTO_INCREMENT, AUTO_INCREMENT=5;

--
-- AUTO_INCREMENT for table `kategorije`
--
ALTER TABLE `kategorije`
  MODIFY `id` int(11) NOT NULL AUTO_INCREMENT, AUTO_INCREMENT=14;

--
-- AUTO_INCREMENT for table `media`
--
ALTER TABLE `media`
  MODIFY `id` int(11) NOT NULL AUTO_INCREMENT, AUTO_INCREMENT=177;

--
-- AUTO_INCREMENT for table `navmenu`
--
ALTER TABLE `navmenu`
  MODIFY `id` int(11) NOT NULL AUTO_INCREMENT, AUTO_INCREMENT=24;

--
-- AUTO_INCREMENT for table `nivo_studija`
--
ALTER TABLE `nivo_studija`
  MODIFY `id` int(11) NOT NULL AUTO_INCREMENT, AUTO_INCREMENT=6;

--
-- AUTO_INCREMENT for table `obrazovanje_osoblje`
--
ALTER TABLE `obrazovanje_osoblje`
  MODIFY `id` int(11) NOT NULL AUTO_INCREMENT, AUTO_INCREMENT=2;

--
-- AUTO_INCREMENT for table `odbori`
--
ALTER TABLE `odbori`
  MODIFY `id` int(10) NOT NULL AUTO_INCREMENT, AUTO_INCREMENT=6;

--
-- AUTO_INCREMENT for table `odbor_pozicija`
--
ALTER TABLE `odbor_pozicija`
  MODIFY `id` int(11) NOT NULL AUTO_INCREMENT, AUTO_INCREMENT=18;

--
-- AUTO_INCREMENT for table `osoblje`
--
ALTER TABLE `osoblje`
  MODIFY `id` int(11) NOT NULL AUTO_INCREMENT, AUTO_INCREMENT=53;

--
-- AUTO_INCREMENT for table `osoblje_odbor`
--
ALTER TABLE `osoblje_odbor`
  MODIFY `id` int(10) NOT NULL AUTO_INCREMENT, AUTO_INCREMENT=84;

--
-- AUTO_INCREMENT for table `predmeti`
--
ALTER TABLE `predmeti`
  MODIFY `id` int(11) NOT NULL AUTO_INCREMENT, AUTO_INCREMENT=92;

--
-- AUTO_INCREMENT for table `preuzimanja`
--
ALTER TABLE `preuzimanja`
  MODIFY `id` int(10) NOT NULL AUTO_INCREMENT, AUTO_INCREMENT=18;

--
-- AUTO_INCREMENT for table `raspored`
--
ALTER TABLE `raspored`
  MODIFY `id` int(10) NOT NULL AUTO_INCREMENT, AUTO_INCREMENT=15;

--
-- AUTO_INCREMENT for table `raspored_kategorija`
--
ALTER TABLE `raspored_kategorija`
  MODIFY `id` int(11) NOT NULL AUTO_INCREMENT, AUTO_INCREMENT=3;

--
-- AUTO_INCREMENT for table `studijski_programi`
--
ALTER TABLE `studijski_programi`
  MODIFY `id` int(11) NOT NULL AUTO_INCREMENT, AUTO_INCREMENT=14;

--
-- AUTO_INCREMENT for table `upis`
--
ALTER TABLE `upis`
  MODIFY `id` int(11) NOT NULL AUTO_INCREMENT;

--
-- AUTO_INCREMENT for table `users`
--
ALTER TABLE `users`
  MODIFY `id` int(11) NOT NULL AUTO_INCREMENT, AUTO_INCREMENT=5;

--
-- AUTO_INCREMENT for table `vesti`
--
ALTER TABLE `vesti`
  MODIFY `id` int(11) NOT NULL AUTO_INCREMENT, AUTO_INCREMENT=20;

--
-- AUTO_INCREMENT for table `widgets`
--
ALTER TABLE `widgets`
  MODIFY `id` int(11) NOT NULL AUTO_INCREMENT, AUTO_INCREMENT=2;
COMMIT;

/*!40101 SET CHARACTER_SET_CLIENT=@OLD_CHARACTER_SET_CLIENT */;
/*!40101 SET CHARACTER_SET_RESULTS=@OLD_CHARACTER_SET_RESULTS */;
/*!40101 SET COLLATION_CONNECTION=@OLD_COLLATION_CONNECTION */;
